-- phpMyAdmin SQL Dump
-- version 5.1.3
-- https://www.phpmyadmin.net/
--
-- Host: localhost:3306
-- Generation Time: Mar 18, 2022 at 08:15 AM
-- Server version: 5.7.33
-- PHP Version: 7.4.19

SET SQL_MODE = "NO_AUTO_VALUE_ON_ZERO";
START TRANSACTION;
SET time_zone = "+00:00";


/*!40101 SET @OLD_CHARACTER_SET_CLIENT=@@CHARACTER_SET_CLIENT */;
/*!40101 SET @OLD_CHARACTER_SET_RESULTS=@@CHARACTER_SET_RESULTS */;
/*!40101 SET @OLD_COLLATION_CONNECTION=@@COLLATION_CONNECTION */;
/*!40101 SET NAMES utf8mb4 */;

--
-- Database: `nyinyihtwe`
--

-- --------------------------------------------------------

--
-- Table structure for table `codepz`
--

CREATE TABLE `codepz` (
  `id` int(11) NOT NULL,
  `КодПЗ1` varchar(30) NOT NULL
) ENGINE=InnoDB DEFAULT CHARSET=utf8mb4;

--
-- Dumping data for table `codepz`
--

INSERT INTO `codepz` (`id`, `КодПЗ1`) VALUES
(6, 'z41'),
(7, 'z51'),
(8, 'z53'),
(9, 'z71'),
(17, 'z82'),
(19, 'z7.11'),
(20, 'z7.12'),
(21, 'z8.11'),
(22, 'z45'),
(23, 'z11');

-- --------------------------------------------------------

--
-- Table structure for table `compositionkmst`
--

CREATE TABLE `compositionkmst` (
  `id` int(11) NOT NULL,
  `КодКМ` varchar(45) NOT NULL,
  `КодСтатСтруктуры` varchar(45) CHARACTER SET utf8 NOT NULL,
  `КодДинСтруктуры` varchar(45) CHARACTER SET utf8 NOT NULL,
  `КодСтруктурыУвязки` varchar(45) CHARACTER SET utf8 NOT NULL
) ENGINE=InnoDB DEFAULT CHARSET=utf8mb4;

--
-- Dumping data for table `compositionkmst`
--

INSERT INTO `compositionkmst` (`id`, `КодКМ`, `КодСтатСтруктуры`, `КодДинСтруктуры`, `КодСтруктурыУвязки`) VALUES
(1, 'КМ_ЦПЗ', 'ZPsPS.1-v', 'ZPsPS.3-v', 'ZPsPS.5-v'),
(2, 'КМ-Z8.11', 'Z8.11.1-c', 'Z8.11.3-c', 'Z8.11.5-c'),
(3, 'КМ-Z82', 'Z82.1-c', 'Z82.3-c', 'Z82.5-c'),
(4, 'КМ-Z7.12', 'Z7.12.1-c', 'Z7.12.3-c', 'Z7.12.5-c'),
(5, 'КМ-Z7.11', 'Z7.11.1-c', 'Z7.11.3-c', 'Z7.11.5-c'),
(6, 'КМ-Z71', 'Z71.1-c', 'Z71.3-c', 'Z71.5-c'),
(7, 'КМ-Z53', 'Z53.1-c', 'Z53.3-c', 'Z53.5-c'),
(8, 'КМ-Z51', 'Z51.1-c', 'Z51.3-c', 'Z51.5-c'),
(9, 'КМ-Z41', 'Z41.1-c', 'Z41.3-c', 'Z41.5-c'),
(10, 'KM-Z8.11', 'Z8.11.1-c', 'Z8.11.1-c', 'Z8.11.1-c'),
(11, 'a', 'b', 'c', 'd');

-- --------------------------------------------------------

--
-- Table structure for table `customer`
--

CREATE TABLE `customer` (
  `idCustomer` int(11) NOT NULL,
  `Username` varchar(45) DEFAULT NULL,
  `Password` varchar(45) DEFAULT NULL,
  `Email` varchar(45) DEFAULT NULL
) ENGINE=InnoDB DEFAULT CHARSET=utf8mb4;

--
-- Dumping data for table `customer`
--

INSERT INTO `customer` (`idCustomer`, `Username`, `Password`, `Email`) VALUES
(1, 'nyi', 'nyi', 'snn90.mm@gmail.com'),
(2, 'Sawnyi', 'Sawnyi', 'sawnyinyi90@gmail.com'),
(3, 'Saw', 'Nyi', 'sawnyi@gmail.com'),
(4, 'Arakanthar', 'Nyi', 'arkhanthar@gmail.com'),
(5, 'Tunmin', 'Naingthar', 'tunnaing@gmail.com');

-- --------------------------------------------------------

--
-- Table structure for table `elementdstr`
--

CREATE TABLE `elementdstr` (
  `idelementdstr` int(11) NOT NULL,
  `Кодструктуры` varchar(255) DEFAULT NULL,
  `КодПЗ1` varchar(255) DEFAULT NULL,
  `НаименованиеПЗ1` varchar(255) DEFAULT NULL,
  `Степеньформализации` varchar(255) DEFAULT NULL,
  `СтатусПЗ1` varchar(255) DEFAULT NULL,
  `СтруктурноеCвойствоПЗ1` varchar(255) DEFAULT NULL,
  `ПримечаниеПЗ1` varchar(255) DEFAULT NULL
) ENGINE=InnoDB DEFAULT CHARSET=utf8;

--
-- Dumping data for table `elementdstr`
--

INSERT INTO `elementdstr` (`idelementdstr`, `Кодструктуры`, `КодПЗ1`, `НаименованиеПЗ1`, `Степеньформализации`, `СтатусПЗ1`, `СтруктурноеCвойствоПЗ1`, `ПримечаниеПЗ1`) VALUES
(1, 'Z8.11.3-c', 'z8.11', 'Выбор NFO в зависимости от материала и вида термообработки', 'Стат', 'Э', '-', '-');

-- --------------------------------------------------------

--
-- Table structure for table `failed_jobs`
--

CREATE TABLE `failed_jobs` (
  `id` bigint(20) UNSIGNED NOT NULL,
  `uuid` varchar(255) COLLATE utf8mb4_unicode_ci NOT NULL,
  `connection` text COLLATE utf8mb4_unicode_ci NOT NULL,
  `queue` text COLLATE utf8mb4_unicode_ci NOT NULL,
  `payload` longtext COLLATE utf8mb4_unicode_ci NOT NULL,
  `exception` longtext COLLATE utf8mb4_unicode_ci NOT NULL,
  `failed_at` timestamp NOT NULL DEFAULT CURRENT_TIMESTAMP
) ENGINE=InnoDB DEFAULT CHARSET=utf8mb4 COLLATE=utf8mb4_unicode_ci;

-- --------------------------------------------------------

--
-- Table structure for table `identification`
--

CREATE TABLE `identification` (
  `ididentification` int(11) NOT NULL,
  `Кодструктуры` varchar(255) CHARACTER SET utf8 DEFAULT NULL,
  `CodePZ1` varchar(255) CHARACTER SET utf8 DEFAULT NULL,
  `НаименованиеПЗ1` varchar(255) CHARACTER SET utf8 DEFAULT NULL,
  `Степеньформализации` varchar(255) CHARACTER SET utf8 DEFAULT NULL,
  `СтатусПЗ1` varchar(255) CHARACTER SET utf8 DEFAULT NULL,
  `СтруктурноеСвойствоПЗ1` varchar(255) CHARACTER SET utf8 DEFAULT NULL,
  `ПримечаниеПЗ1` varchar(255) CHARACTER SET utf8 DEFAULT NULL
) ENGINE=InnoDB DEFAULT CHARSET=utf8mb4;

--
-- Dumping data for table `identification`
--

INSERT INTO `identification` (`ididentification`, `Кодструктуры`, `CodePZ1`, `НаименованиеПЗ1`, `Степеньформализации`, `СтатусПЗ1`, `СтруктурноеСвойствоПЗ1`, `ПримечаниеПЗ1`) VALUES
(1, 'ZPsPS.3-v', 'z41', 'Определение передаточного числа ', 'Стат', 'Э', '-', '-'),
(2, 'ZPsPS.3-v', 'z51', 'Выбор коэффициента, учитывающего распределение нагрузки по ширине венца ', 'Стат', 'Э', '-', '-'),
(3, 'ZPsPS.3-v', 'z53', 'Выбор вспомогательного коэффициента, зависящего от материала колёс', 'Стат', 'Э', '-', '-'),
(4, 'ZPsPS.3-v', 'z7_11', 'Определение параметра Yf1', 'Стат', 'Э', ']', 'параметр YF1'),
(5, 'ZPsPS.3-v', 'z7_12', 'Выбор допускаемого напряжения при изгибе, соответствующего базовому числу циклов перемены напряжения в зависимости от вида термообработки, материла и вида нагрузки', 'Стат', 'Э', '-', '-'),
(6, 'ZPsPS.3-v', 'z71', 'Выбор допускаемого контактного напряжения, соответствующего базовому числу циклов перемены напряжения в зависимости от вида термообработки, материла и вида нагрузки', 'Стат', 'Э', '-', '-'),
(7, 'ZPsPS.3-v', 'z8_11', 'Выбор NFO в зависимости от материала и вида термообработки', 'Стат', 'Э', '-', '-'),
(8, 'ZPsPS.3-v', 'z82', 'Выбор базового числа циклов перемены напряжения, соответствующее длительному пределу выносливости', 'Стат', 'Э', '-', '-');

-- --------------------------------------------------------

--
-- Table structure for table `kmtable`
--

CREATE TABLE `kmtable` (
  `idkmtable` int(11) NOT NULL,
  `КодКМ` varchar(45) CHARACTER SET utf8 COLLATE utf8_unicode_ci NOT NULL,
  `РодКМ` varchar(45) DEFAULT NULL,
  `ВидКМс` varchar(45) DEFAULT NULL
) ENGINE=InnoDB DEFAULT CHARSET=utf8;

--
-- Dumping data for table `kmtable`
--

INSERT INTO `kmtable` (`idkmtable`, `КодКМ`, `РодКМ`, `ВидКМс`) VALUES
(1, 'КМ_ЦПЗ', '1', 'v'),
(2, 'КМ-Z8.11', '1', 'c'),
(3, 'КМ-Z82', '1', 'c'),
(4, 'КМ-Z7.12', '1', 'c'),
(5, 'КМ-Z7.11', '1', 'c'),
(6, 'КМ-Z71', '1', 'c'),
(7, 'КМ-Z53', '1', 'c'),
(8, 'КМ-Z51', '1', 'c'),
(9, 'КМ-Z41', '1', 'c');

-- --------------------------------------------------------

--
-- Table structure for table `linkingstructure`
--

CREATE TABLE `linkingstructure` (
  `idlinkingstructure` int(11) NOT NULL,
  `Кодструктуры` varchar(45) DEFAULT NULL,
  `КодПЗ1` varchar(45) DEFAULT NULL,
  `СтруктурноеСвойствоПЗ1` varchar(45) DEFAULT NULL,
  `КодПК` varchar(45) DEFAULT NULL,
  `РольПК` varchar(45) DEFAULT NULL,
  `СтруктурноеСвойствоПК` varchar(45) DEFAULT NULL,
  `ОбъемноеСвойствоПК` varchar(45) DEFAULT NULL,
  `ОсобаярольПК` varchar(45) DEFAULT NULL
) ENGINE=InnoDB DEFAULT CHARSET=utf8;

--
-- Dumping data for table `linkingstructure`
--

INSERT INTO `linkingstructure` (`idlinkingstructure`, `Кодструктуры`, `КодПЗ1`, `СтруктурноеСвойствоПЗ1`, `КодПК`, `РольПК`, `СтруктурноеСвойствоПК`, `ОбъемноеСвойствоПК`, `ОсобаярольПК`) VALUES
(1, 'Z8.11.5-с  ', 'Z8.11', '-', 'R3.1', 'А-у', 'Е', 'моно', '-'),
(2, 'Z8.11.5-с  ', 'Z8.11', '-', 'R1.2', 'А-у', 'К1', 'моно', '-'),
(3, 'Z8.11.5-с  ', 'Z8.11', '-', 'R4.2', 'А', 'К1', 'моно', '-'),
(4, 'Z8.11.5-с  ', 'Z8.11', '-', 'R6.1', 'А', 'К1', 'моно', '-'),
(5, 'Z8.11.5-с  ', 'Z8.11', '-', 'R6.5', 'Ф', 'К1', 'моно', '-'),
(6, 'Z8.11.5-с  ', 'Z8.11', '-', 'R1.3', 'А-у', 'К2', 'моно', '-'),
(7, 'Z8.11.5-с  ', 'Z8.11', '-', 'R8.1', 'А', 'К2', 'моно', '-');

-- --------------------------------------------------------

--
-- Table structure for table `migrations`
--

CREATE TABLE `migrations` (
  `id` int(10) UNSIGNED NOT NULL,
  `migration` varchar(255) COLLATE utf8mb4_unicode_ci NOT NULL,
  `batch` int(11) NOT NULL
) ENGINE=InnoDB DEFAULT CHARSET=utf8mb4 COLLATE=utf8mb4_unicode_ci;

--
-- Dumping data for table `migrations`
--

INSERT INTO `migrations` (`id`, `migration`, `batch`) VALUES
(21, '2014_10_12_100000_create_password_resets_table', 1),
(22, '2019_08_19_000000_create_failed_jobs_table', 1),
(23, '2020_10_12_000000_create_users_table', 1),
(24, '2022_01_31_145636_create_project_names_table', 1),
(25, '2022_02_04_135239_create_sessions_table', 1);

-- --------------------------------------------------------

--
-- Table structure for table `modelzadachi`
--

CREATE TABLE `modelzadachi` (
  `КодПрЗ` varchar(45) NOT NULL,
  `id` int(11) NOT NULL,
  `КодКМ` varchar(45) NOT NULL
) ENGINE=InnoDB DEFAULT CHARSET=utf8mb4;

--
-- Dumping data for table `modelzadachi`
--

INSERT INTO `modelzadachi` (`КодПрЗ`, `id`, `КодКМ`) VALUES
('ЦПсПЗ', 1, 'КМ_ЦПЗ'),
('ЦПсПЗ', 2, 'КМ-Z41'),
('ЦПсПЗ', 3, 'КМ-Z51'),
('ЦПсПЗ', 4, 'КМ-Z53'),
('ЦПсПЗ', 5, 'КМ-Z71'),
('ЦПсПЗ', 6, 'КМ-Z82'),
('ЦПсПЗ', 7, 'КМ-Z7.11'),
('ЦПсПЗ', 8, 'КМ-Z7.12'),
('ЦПсПЗ', 9, 'КМ-Z8.11');

-- --------------------------------------------------------

--
-- Table structure for table `password_resets`
--

CREATE TABLE `password_resets` (
  `email` varchar(255) COLLATE utf8mb4_unicode_ci NOT NULL,
  `token` varchar(255) COLLATE utf8mb4_unicode_ci NOT NULL,
  `created_at` timestamp NULL DEFAULT NULL
) ENGINE=InnoDB DEFAULT CHARSET=utf8mb4 COLLATE=utf8mb4_unicode_ci;

-- --------------------------------------------------------

--
-- Table structure for table `project_names`
--

CREATE TABLE `project_names` (
  `id` bigint(20) UNSIGNED NOT NULL,
  `name` varchar(255) COLLATE utf8mb4_unicode_ci NOT NULL,
  `user_id` bigint(20) UNSIGNED NOT NULL,
  `created_at` timestamp NULL DEFAULT NULL,
  `updated_at` timestamp NULL DEFAULT NULL
) ENGINE=InnoDB DEFAULT CHARSET=utf8mb4 COLLATE=utf8mb4_unicode_ci;

--
-- Dumping data for table `project_names`
--

INSERT INTO `project_names` (`id`, `name`, `user_id`, `created_at`, `updated_at`) VALUES
(1, 'Hello world', 1, '2022-03-10 01:39:16', '2022-03-10 01:39:16');

-- --------------------------------------------------------

--
-- Table structure for table `sessions`
--

CREATE TABLE `sessions` (
  `id` varchar(255) COLLATE utf8mb4_unicode_ci NOT NULL,
  `user_id` bigint(20) UNSIGNED DEFAULT NULL,
  `ip_address` varchar(45) COLLATE utf8mb4_unicode_ci DEFAULT NULL,
  `user_agent` text COLLATE utf8mb4_unicode_ci,
  `payload` text COLLATE utf8mb4_unicode_ci NOT NULL,
  `last_activity` int(11) NOT NULL
) ENGINE=InnoDB DEFAULT CHARSET=utf8mb4 COLLATE=utf8mb4_unicode_ci;

-- --------------------------------------------------------

--
-- Table structure for table `structure`
--

CREATE TABLE `structure` (
  `idstructure` int(11) NOT NULL,
  `КодСтруктуры` varchar(45) DEFAULT NULL,
  `ТипСтруктуры` varchar(45) DEFAULT NULL,
  `РодСтруктуры` varchar(45) DEFAULT NULL,
  `ВидСтруктуры` varchar(45) DEFAULT NULL,
  `КоличествоЭлструктуры` varchar(45) DEFAULT NULL
) ENGINE=InnoDB DEFAULT CHARSET=utf8;

--
-- Dumping data for table `structure`
--

INSERT INTO `structure` (`idstructure`, `КодСтруктуры`, `ТипСтруктуры`, `РодСтруктуры`, `ВидСтруктуры`, `КоличествоЭлструктуры`) VALUES
(1, 'ZPsPS.1-v', 'стат', '1', 'v', '60'),
(2, 'ZPsPS.3-v', 'дин', '1', 'v', '59'),
(3, 'ZPsPS.5-v', 'увязки', '1', 'v', '274'),
(4, 'Z8.11.1-c', 'стат', '1', 'c', '7'),
(5, 'Z8.11.3-c', 'дин', '1', 'c', '1'),
(6, 'Z8.11.5-c', 'увязки', '1', 'c', '7'),
(7, 'Z82.1-c', 'стат', '1', 'c', '8'),
(8, 'Z82.3-c', 'дин', '1', 'c', '1'),
(9, 'Z82.5-c', 'увязки', '1', 'c', '8'),
(10, 'Z7.12.1-c', 'стат', '1', 'c', '3'),
(11, 'Z7.12.3-c', 'дин', '1', 'c', '1'),
(12, 'Z7.12.5-c', 'увязки', '1', 'c', '3'),
(13, 'Z7.11.1-c', 'стат', '1', 'c', '6'),
(14, 'Z7.11.3-c', 'дин', '1', 'c', '1'),
(15, 'Z7.11.5-c', 'увязки', '1', 'c', '6'),
(16, 'Z71.1-c', 'стат', '1', 'c', '9'),
(17, 'Z71.3-c', 'дин', '1', 'c', '1'),
(18, 'Z71.5-c', 'увязки', '1', 'c', '9'),
(19, 'Z53.1-c', 'стат', '1', 'c', '5'),
(20, 'Z53.3-c', 'дин', '1', 'c', '1'),
(21, 'Z53.5-c', 'увязки', '1', 'c', '5'),
(22, 'Z51.1-c', 'стат', '1', 'c', '8'),
(23, 'Z51.3-c', 'дин', '1', 'c', '1'),
(24, 'Z51.5-c', 'увязки', '1', 'c', '8'),
(25, 'Z41.1-c', 'стат', '1', 'c', '1'),
(26, 'Z41.3-c', 'дин', '1', 'c', '3'),
(27, 'Z41.5-c', 'увязки', '1', 'c', '1'),
(28, '3', '3', '3', 'v', '3');

-- --------------------------------------------------------

--
-- Table structure for table `subjecttask`
--

CREATE TABLE `subjecttask` (
  `idsubjecttask` int(11) NOT NULL,
  `КодПрЗ` varchar(45) DEFAULT NULL,
  `НаименованиеПрЗ` varchar(255) DEFAULT NULL,
  `КоличествоСтатКМвПрЗ` varchar(45) DEFAULT NULL
) ENGINE=InnoDB DEFAULT CHARSET=utf8;

--
-- Dumping data for table `subjecttask`
--

INSERT INTO `subjecttask` (`idsubjecttask`, `КодПрЗ`, `НаименованиеПрЗ`, `КоличествоСтатКМвПрЗ`) VALUES
(1, 'ЦПсПЗ', 'Проектировочный расчет цилиндрических передач с прямыми зубьями', '8'),
(2, 'hello', 'world', '2'),
(3, '1', '1', '1');

-- --------------------------------------------------------

--
-- Table structure for table `tablef1`
--

CREATE TABLE `tablef1` (
  `idtablef1` int(11) NOT NULL,
  `Кодструктуры` varchar(255) NOT NULL,
  `КодПК` varchar(255) DEFAULT NULL,
  `НаименованиеПК` varchar(255) DEFAULT NULL,
  `КлассПК` varchar(255) DEFAULT NULL,
  `ТипПК` varchar(255) DEFAULT NULL,
  `СтатусПК` varchar(255) DEFAULT NULL,
  `ОценкаПК` varchar(255) DEFAULT NULL,
  `ПримечаниекПК` varchar(255) DEFAULT NULL
) ENGINE=InnoDB DEFAULT CHARSET=utf8;

--
-- Dumping data for table `tablef1`
--

INSERT INTO `tablef1` (`idtablef1`, `Кодструктуры`, `КодПК`, `НаименованиеПК`, `КлассПК`, `ТипПК`, `СтатусПК`, `ОценкаПК`, `ПримечаниекПК`) VALUES
(1, 'ZPsPS.1-v', 'P1.1', 'процесс функциониро-вания передачи', 'P', 'T', 'P', '-', '-'),
(2, 'ZPsPS.1-v', 'Z1.1', 'задача функциониро-вания передачи', 'Z', 'T', 'P', '-', '-'),
(3, 'ZPsPS.1-v', 'K1.7', 'средство-устройство', 'K', 'T', 'P', '-', '-'),
(4, 'ZPsPS.1-v', 'O7.1', 'узел (виртуальный)', 'O', 'NT', 'P', '-', '-'),
(5, 'ZPsPS.1-v', 'O7.2', 'сборочная единица', 'O', 'NT', 'P', '-', '-'),
(6, 'ZPsPS.1-v', 'O7.4', 'деталь', 'O', 'T', 'P', '-', '-'),
(7, 'ZPsPS.1-v', 'R1.1', 'код узла', 'R', 'T', 'P', '-', '-'),
(8, 'ZPsPS.1-v', 'R3.1', 'количество передач', 'R', 'T', 'P', '-', '-'),
(9, 'ZPsPS.1-v', 'R3.2', 'массив модулей стандартных', 'R', 'T', 'P', '-', '-'),
(10, 'ZPsPS.1-v', 'R1.2', 'код СЕ', 'R', 'T', 'P', '-', '-'),
(11, 'ZPsPS.1-v', 'R2.1', 'наименование передачи', 'R', 'T', 'P', '-', '-'),
(12, 'ZPsPS.1-v', 'R3.3', 'тип передачи', 'R', 'T', 'P', '-', '-'),
(13, 'ZPsPS.1-v', 'R3.4', 'вид зубьев', 'R', 'T', 'P', '-', '-'),
(14, 'ZPsPS.1-v', 'R3.5', 'передаточное число', 'R', 'T', 'P', '-', '-'),
(15, 'ZPsPS.1-v', 'R3.6', 'модуль расчетный', 'R', 'T', 'P', '-', '-'),
(16, 'ZPsPS.1-v', 'R3.7', 'модуль стандартный', 'R', 'T', 'P', '-', '-'),
(17, 'ZPsPS.1-v', 'R3.8', 'вид зацепления', 'R', 'T', 'P', '-', '-'),
(18, 'ZPsPS.1-v', 'R3.9', 'расположение шестерни относительно опор', 'R', 'T', 'P', '-', '-'),
(19, 'ZPsPS.1-v', 'R3.10', 'коэффициент, учитывающий форму зуба', 'R', 'T', 'P', '-', '-'),
(20, 'ZPsPS.1-v', 'R3.11', 'коэффициент для расчета модуля', 'R', 'T', 'P', '-', '-'),
(21, 'ZPsPS.1-v', 'R3.14', 'коэффициент осевого перекрытия', 'R', 'T', 'P', '-', '-'),
(22, 'ZPsPS.1-v', 'R3.15', 'число зубьев принятое', 'R', 'T', 'P', '-', '-'),
(23, 'ZPsPS.1-v', 'R4.1', 'вид нагрузки', 'R', 'T', 'P', '-', '-'),
(24, 'ZPsPS.1-v', 'R4.2', 'тип нагрузки', 'R', 'T', 'P', '-', '-'),
(25, 'ZPsPS.1-v', 'R5.1', 'межосевое расстояние', 'R', 'T', 'P', '-', '-'),
(26, 'ZPsPS.1-v', 'R5.2', 'отношение ширины венца к межосевому расстоянию', 'R', 'T', 'P', '-', '-'),
(27, 'ZPsPS.1-v', 'R5.3', 'коэффициент, учитывающий распределение нагрузки по ширине венца при  контакте', 'R', 'T', 'P', '-', '-'),
(28, 'ZPsPS.1-v', 'R5.4', 'коэффициент, учитывающий распределение нагрузки по ширине венца при изгибе', 'R', 'T', 'P', '-', '-'),
(29, 'ZPsPS.1-v', 'R5.5', 'вспомогательный коэффициент, учитывающий материал колес', 'R', 'T', 'P', '-', '-'),
(30, 'ZPsPS.1-v', 'R5.10', 'полное число часов работы передачи за срок службы', 'R', 'T', 'P', '-', '-'),
(31, 'ZPsPS.1-v', 'R6.1', 'полное число часов работы передачи за срок службы', 'R', 'T', 'P', '-', '-'),
(32, 'ZPsPS.1-v', 'R6.2', 'базовое число циклов перемены напряжения при контакте', 'R', 'T', 'P', '-', '-'),
(33, 'ZPsPS.1-v', 'R6.3', 'базовое число циклов перемены напряжения при изгибе', 'R', 'T', 'P', '-', '-'),
(34, 'ZPsPS.1-v', 'R6.4', 'эквивалентное число циклов перемены напряжения при контакте', 'R', 'T', 'P', '-', '-'),
(35, 'ZPsPS.1-v', 'R6.5', 'эквивалентное число циклов перемены напряжения при изгибе', 'R', 'T', 'P', '-', '-'),
(36, 'ZPsPS.1-v', 'R6.6', 'коэффициент долговечности при расчете на контактное напряжение', 'R', 'T', 'P', '-', '-'),
(37, 'ZPsPS.1-v', 'R6.7', 'коэффициент долговечности при расчете на изгибную выносливость', 'R', 'T', 'P', '-', '-'),
(38, 'ZPsPS.1-v', 'R6.8', 'показатель степени для определения коэф. долговечности', 'R', 'T', 'P', '-', '-'),
(39, 'ZPsPS.1-v', 'R7.5', 'сочетание материалов колес', 'R', 'T', 'P', '-', '-'),
(40, 'ZPsPS.1-v', 'R7.6', 'жесткость конструкции', 'R', 'T', 'P', '-', '-'),
(41, 'ZPsPS.1-v', 'R1.3', 'код детали', 'R', 'T', 'P', '-', '-'),
(42, 'ZPsPS.1-v', 'R2.2', 'наименование детали', 'R', 'T', 'P', '-', '-'),
(43, 'ZPsPS.1-v', 'R3.12', 'число зубьев принятое', 'R', 'T', 'P', '-', '-'),
(44, 'ZPsPS.1-v', 'R3.13', 'эквивалентное число зубьев', 'R', 'T', 'P', '-', '-'),
(45, 'ZPsPS.1-v', 'R3.15', 'число зубьев расчетное', 'R', 'T', 'P', '-', '-'),
(46, 'ZPsPS.1-v', 'R4.3', 'назначение детали', 'R', 'T', 'P', '-', '-'),
(47, 'ZPsPS.1-v', 'R5.6', 'диаметр детали', 'R', 'T', 'P', '-', '-'),
(48, 'ZPsPS.1-v', 'R5.7', 'ширина венца', 'R', 'T', 'P', '-', '-'),
(49, 'ZPsPS.1-v', 'R5.8', 'угол наклона линии зуба', 'R', 'T', 'P', '-', '-'),
(50, 'ZPsPS.1-v', 'R5.9', 'относительная ширина венца', 'R', 'T', 'P', '-', '-'),
(51, 'ZPsPS.1-v', 'R7.1', 'твердость поверхности зубьев', 'R', 'T', 'P', '-', '-'),
(52, 'ZPsPS.1-v', 'R7.2', 'материал', 'R', 'T', 'P', '-', '-'),
(53, 'ZPsPS.1-v', 'R7.3', 'марка материала', 'R', 'T', 'P', '-', '-'),
(54, 'ZPsPS.1-v', 'R7.4', 'вид термообработки', 'R', 'T', 'P', '-', '-'),
(55, 'ZPsPS.1-v', 'R8.1', 'частота вращения', 'R', 'T', 'P', '-', '-'),
(56, 'ZPsPS.1-v', 'R9.1', 'допускаемое контактное напряжение, соответствующее  базовому числу циклов перемены напряжения', 'R', 'T', 'P', '-', '-'),
(57, 'ZPsPS.1-v', 'R9.2', 'допускаемое контактное напряжение', 'R', 'T', 'P', '-', '-'),
(58, 'ZPsPS.1-v', 'R9.3', 'допускаемое  напряжение при расчете на изгибную выносливость, соответствующее  базовому числу циклов перемены напряжения', 'R', 'T', 'P', '-', '-'),
(59, 'ZPsPS.1-v', 'R9.4', 'допускаемое  напряжение при расчете на изгибную выносливость', 'R', 'T', 'P', '-', '-'),
(60, 'ZPsPS.1-v', 'R9.5', 'крутящий момент на ведущем колесе', 'R', 'T', 'P', '-', '-'),
(62, 'ZPsPS.1-v', 'к', 'у', 'уп', 'у', 'цуп', 'п', 'уцпцп');

-- --------------------------------------------------------

--
-- Table structure for table `tablef1c`
--

CREATE TABLE `tablef1c` (
  `idtablef1c` int(11) NOT NULL,
  `Кодструктуры` varchar(255) DEFAULT NULL,
  `КодПК` varchar(255) DEFAULT NULL,
  `НаименованиеПК` varchar(255) DEFAULT NULL,
  `КлассПК` varchar(255) DEFAULT NULL,
  `ТипПК` varchar(255) DEFAULT NULL,
  `СтатусПК` varchar(255) DEFAULT NULL,
  `ОценкаПК` varchar(255) DEFAULT NULL,
  `ПримечаниекПК` varchar(255) DEFAULT NULL
) ENGINE=InnoDB DEFAULT CHARSET=utf8;

--
-- Dumping data for table `tablef1c`
--

INSERT INTO `tablef1c` (`idtablef1c`, `Кодструктуры`, `КодПК`, `НаименованиеПК`, `КлассПК`, `ТипПК`, `СтатусПК`, `ОценкаПК`, `ПримечаниекПК`) VALUES
(1, 'Z8.11.1-c', 'R3.1', 'количество передач', 'R', 'T', 'P', '-', '-'),
(2, 'Z8.11.1-c', 'R1.2', 'код СЕ', 'R', 'T', 'P', '-', '-'),
(3, 'Z8.11.1-c', 'R4.2', 'тип нагрузки', 'R', 'T', 'P', '-', '-'),
(4, 'Z8.11.1-c', 'R6.1', 'полное число часов работы передачи за срок службы', 'R', 'T', 'P', '-', '-'),
(5, 'Z8.11.1-c', 'R6.5', 'эквивалентное число циклов перемены напряжения при изгибе', 'R', 'T', 'P', '-', '-'),
(6, 'Z8.11.1-c', 'R1.3', 'код детали', 'R', 'T', 'P', '-', '-'),
(7, 'Z8.11.1-c', 'R8.1', 'частота вращения', 'R', 'T', 'P', '-', '-'),
(8, 'Z82.1-c', 'R3.1', 'количество передач', 'R', 'T', 'P', '-', '-'),
(9, 'Z82.1-c', 'R1.2', 'код СЕ', 'R', 'T', 'P', '-', '-'),
(10, 'Z82.1-c', 'R6.2', 'базовое число циклов перемены напряжения при контакте', 'R', 'T', 'P', '-', '-'),
(11, 'Z82.1-c', 'R1.3', 'код детали', 'R', 'T', 'P', '-', '-'),
(12, 'Z82.1-c', 'R7.1', 'твердость поверхности зубьев', 'R', 'T', 'P', '-', '-'),
(13, 'Z82.1-c', 'R7.2', 'материал', 'R', 'T', 'P', '-', '-'),
(14, 'Z82.1-c', 'R7.3', 'марка материала', 'R', 'T', 'P', '-', '-'),
(15, 'Z82.1-c', 'R7.4', 'вид термообработки', 'R', 'T', 'P', '-', '-'),
(16, 'Z7.12.1-с ', 'R3.1', 'количество передач', 'R', 'T', 'P', '-', '-'),
(17, 'Z7.12.1-с ', 'R1.3', 'код детали', 'R', 'T', 'P', '-', '-'),
(18, 'Z7.12.1-с ', 'R9.3', 'допускаемое  напряже-ние при расчете на изгибную выносливость, соответствующее  базовому числу циклов перемены напряжения', 'R', 'T', 'P', '-', '-'),
(19, 'Z7.11.1-с', 'R3.1', 'количество передач', 'R', 'T', 'P', '-', '-'),
(20, 'Z7.11.1-с', 'R1.2', 'код СЕ', 'R', 'T', 'P', '-', '-'),
(21, 'Z7.11.1-с', 'R5.10', 'коэффициент смещения', 'R', 'T', 'P', '-', '-'),
(22, 'Z7.11.1-с', 'R3.10', 'коэффициент, учитывающий форму зуба', 'R', 'T', 'P', '-', '-'),
(23, 'Z7.11.1-с', 'R1.3', 'код детали', 'R', 'T', 'P', '-', '-'),
(24, 'Z7.11.1-с', 'R3.13', 'эквивалентное число зубьев', 'R', 'T', 'P', '-', '-'),
(25, 'Z71.1-c', 'R3.1', 'количество передач', 'R', 'T', 'P', '-', '-'),
(26, 'Z71.1-c', 'R1.2', 'код СЕ', 'R', 'T', 'P', '-', '-'),
(27, 'Z71.1-c', 'R4.1', 'вид нагрузки', 'R', 'T', 'P', '-', '-'),
(28, 'Z71.1-c', 'R1.3', 'код детали', 'R', 'T', 'P', '-', '-'),
(29, 'Z71.1-c', 'R7.1', 'твердость поверхности зубьев', 'R', 'T', 'P', '-', '-'),
(30, 'Z71.1-c', 'R7.2', 'материал', 'R', 'T', 'P', '-', '-'),
(31, 'Z71.1-c', 'R7.3', 'марка материала', 'R', 'T', 'P', '-', '-'),
(32, 'Z71.1-c', 'R7.4', 'вид термообработки', 'R', 'T', 'P', '-', '-'),
(33, 'Z71.1-c', 'R9.1', 'допускаемое контактное напряжение, соответствующее  базовому числу циклов перемены напряжения', 'R', 'T', 'P', '-', '-'),
(34, 'Z53.1-с ', 'R3.1', 'количество передач', 'R', 'T', 'P', '-', '-'),
(35, 'Z53.1-с ', 'R1.2', 'код СЕ', 'R', 'T', 'P', '-', '-'),
(36, 'Z53.1-с ', 'R3.4', 'вид зубьев', 'R', 'T', 'P', '-', '-'),
(37, 'Z53.1-с ', 'R7.5', 'сочетание материалов колес', 'R', 'T', 'P', '-', '-'),
(38, 'Z53.1-с ', 'R5.5', 'вспомогательный коэффициент, учитывающий материал колес', 'R', 'T', 'P', '-', '-'),
(39, 'Z51.1-с ', 'R3.1', 'количество передач', 'R', 'T', 'P', '-', '-'),
(40, 'Z51.1-с ', 'R1.2', 'код СЕ', 'R', 'T', 'P', '-', '-'),
(41, 'Z51.1-с ', 'R3.9', 'расположение шестерни относительно опор', 'R', 'T', 'P', '-', '-'),
(42, 'Z51.1-с ', 'R5.3', 'коэффициент, учитывающий распределение нагрузки по ширине венца при  контакте', 'R', 'T', 'P', '-', '-'),
(43, 'Z51.1-с ', 'R7.6', 'жесткость конструкции', 'R', 'T', 'P', '-', '-'),
(44, 'Z51.1-с ', 'R1.3', 'код детали', 'R', 'T', 'P', '-', '-'),
(45, 'Z51.1-с ', 'R5.9', 'относительная ширина венца', 'R', 'T', 'P', '-', '-'),
(46, 'Z51.1-с ', 'R7.1', 'твердость поверхности зубьев', 'R', 'T', 'P', '-', '-'),
(47, 'Z41.1-c', 'R3.1', 'количество передач', 'R', 'T', 'P', '-', '-'),
(48, 'Z41.1-c', 'R1.2', 'код СЕ', 'R', 'T', 'P', '-', '-'),
(49, 'Z41.1-c', 'R3.5', 'передаточное число', 'R', 'T', 'P', '-', '-');

-- --------------------------------------------------------

--
-- Table structure for table `tablef1link`
--

CREATE TABLE `tablef1link` (
  `idtablef1` int(11) NOT NULL,
  `КодПК` varchar(255) DEFAULT NULL,
  `НаименованиеПК` varchar(255) DEFAULT NULL,
  `КлассПК` varchar(255) DEFAULT NULL,
  `ТипПК` varchar(255) DEFAULT NULL,
  `СтатусПК` varchar(255) DEFAULT NULL,
  `ОценкаПК` varchar(255) DEFAULT NULL,
  `ПримечаниекПК` varchar(255) DEFAULT NULL
) ENGINE=InnoDB DEFAULT CHARSET=utf8;

--
-- Dumping data for table `tablef1link`
--

INSERT INTO `tablef1link` (`idtablef1`, `КодПК`, `НаименованиеПК`, `КлассПК`, `ТипПК`, `СтатусПК`, `ОценкаПК`, `ПримечаниекПК`) VALUES
(1, 'P1.1', 'процесс функциониро-вания передачи', 'P', 'T', 'P', '-', '-'),
(2, 'Z1.1', 'задача функциониро-вания передачи', 'Z', 'T', 'P', '-', '-'),
(3, 'K1.7', 'средство-устройство', 'K', 'T', 'P', '-', '-'),
(4, 'O7.1', 'узел (виртуальный)', 'O', 'NT', 'P', '-', '-'),
(5, 'O7.2', 'сборочная единица', 'O', 'NT', 'P', '-', '-'),
(6, 'O7.4', 'деталь', 'O', 'T', 'P', '-', '-'),
(7, 'R1.1', 'код узла', 'R', 'T', 'P', '-', '-'),
(8, 'R3.1', 'количество передач', 'R', 'T', 'P', '-', '-'),
(9, 'R3.2', 'массив модулей стандартных', 'R', 'T', 'P', '-', '-'),
(10, 'R1.2', 'код СЕ', 'R', 'T', 'P', '-', '-'),
(11, 'R2.1', 'наименование передачи', 'R', 'T', 'P', '-', '-'),
(12, 'R3.3', 'тип передачи', 'R', 'T', 'P', '-', '-'),
(13, 'R3.4', 'вид зубьев', 'R', 'T', 'P', '-', '-'),
(14, 'R3.5', 'передаточное число', 'R', 'T', 'P', '-', '-'),
(15, 'R3.6', 'модуль расчетный', 'R', 'T', 'P', '-', '-'),
(16, 'R3.7', 'модуль стандартный', 'R', 'T', 'P', '-', '-'),
(17, 'R3.8', 'вид зацепления', 'R', 'T', 'P', '-', '-'),
(18, 'R3.9', 'расположение шестерни относительно опор', 'R', 'T', 'P', '-', '-'),
(19, 'R3.10', 'коэффициент, учитывающий форму зуба', 'R', 'T', 'P', '-', '-'),
(20, 'R3.11', 'коэффициент для расчета модуля', 'R', 'T', 'P', '-', '-'),
(21, 'R3.14', 'коэффициент осевого перекрытия', 'R', 'T', 'P', '-', '-'),
(22, 'R3.15', 'число зубьев принятое', 'R', 'T', 'P', '-', '-'),
(23, 'R4.1', 'вид нагрузки', 'R', 'T', 'P', '-', '-'),
(24, 'R4.2', 'тип нагрузки', 'R', 'T', 'P', '-', '-'),
(25, 'R5.1', 'межосевое расстояние', 'R', 'T', 'P', '-', '-'),
(26, 'R5.2', 'отношение ширины венца к межосевому расстоянию', 'R', 'T', 'P', '-', '-'),
(27, 'R5.3', 'коэффициент, учитывающий распределение нагрузки по ширине венца при  контакте', 'R', 'T', 'P', '-', '-'),
(28, 'R5.4', 'коэффициент, учитывающий распределение нагрузки по ширине венца при изгибе', 'R', 'T', 'P', '-', '-'),
(29, 'R5.5', 'вспомогательный коэффициент, учитывающий материал колес', 'R', 'T', 'P', '-', '-'),
(30, 'R5.10', 'полное число часов работы передачи за срок службы', 'R', 'T', 'P', '-', '-'),
(31, 'R6.1', 'полное число часов работы передачи за срок службы', 'R', 'T', 'P', '-', '-'),
(32, 'R6.2', 'базовое число циклов перемены напряжения при контакте', 'R', 'T', 'P', '-', '-'),
(33, 'R6.3', 'базовое число циклов перемены напряжения при изгибе', 'R', 'T', 'P', '-', '-'),
(34, 'R6.4', 'эквивалентное число циклов перемены напряжения при контакте', 'R', 'T', 'P', '-', '-'),
(35, 'R6.5', 'эквивалентное число циклов перемены напряжения при изгибе', 'R', 'T', 'P', '-', '-'),
(36, 'R6.6', 'коэффициент долговечности при расчете на контактное напряжение', 'R', 'T', 'P', '-', '-'),
(37, 'R6.7', 'коэффициент долговечности при расчете на изгибную выносливость', 'R', 'T', 'P', '-', '-'),
(38, 'R6.8', 'показатель степени для определения коэф. долговечности', 'R', 'T', 'P', '-', '-'),
(39, 'R7.5', 'сочетание материалов колес', 'R', 'T', 'P', '-', '-'),
(40, 'R7.6', 'жесткость конструкции', 'R', 'T', 'P', '-', '-'),
(41, 'R1.3', 'код детали', 'R', 'T', 'P', '-', '-'),
(42, 'R2.2', 'наименование детали', 'R', 'T', 'P', '-', '-'),
(43, 'R3.12', 'число зубьев принятое', 'R', 'T', 'P', '-', '-'),
(44, 'R3.13', 'эквивалентное число зубьев', 'R', 'T', 'P', '-', '-'),
(45, 'R3.15', 'число зубьев расчетное', 'R', 'T', 'P', '-', '-'),
(46, 'R4.3', 'назначение детали', 'R', 'T', 'P', '-', '-'),
(47, 'R5.6', 'диаметр детали', 'R', 'T', 'P', '-', '-'),
(48, 'R5.7', 'ширина венца', 'R', 'T', 'P', '-', '-'),
(49, 'R5.8', 'угол наклона линии зуба', 'R', 'T', 'P', '-', '-'),
(50, 'R5.9', 'относительная ширина венца', 'R', 'T', 'P', '-', '-'),
(51, 'R7.1', 'твердость поверхности зубьев', 'R', 'T', 'P', '-', '-'),
(52, 'R7.2', 'материал', 'R', 'T', 'P', '-', '-'),
(53, 'R7.3', 'марка материала', 'R', 'T', 'P', '-', '-'),
(54, 'R7.4', 'вид термообработки', 'R', 'T', 'P', '-', '-'),
(55, 'R8.1', 'частота вращения', 'R', 'T', 'P', '-', '-'),
(56, 'R9.1', 'допускаемое контактное напряжение, соответствующее  базовому числу циклов перемены напряжения', 'R', 'T', 'P', '-', '-'),
(57, 'R9.2', 'допускаемое контактное напряжение', 'R', 'T', 'P', '-', '-'),
(58, 'R9.3', 'допускаемое  напряжение при расчете на изгибную выносливость, соответствующее  базовому числу циклов перемены напряжения', 'R', 'T', 'P', '-', '-'),
(59, 'R9.4', 'допускаемое  напряжение при расчете на изгибную выносливость', 'R', 'T', 'P', '-', '-'),
(60, 'R9.5', 'крутящий момент на ведущем колесе', 'R', 'T', 'P', '-', '-');

-- --------------------------------------------------------

--
-- Table structure for table `tablef2`
--

CREATE TABLE `tablef2` (
  `idtablef2` int(11) NOT NULL,
  `Кодструктуры` varchar(45) DEFAULT NULL,
  `КлассСвязиПК` varchar(45) DEFAULT NULL,
  `КодПК_1` varchar(45) DEFAULT NULL,
  `КодПК_2` varchar(45) DEFAULT NULL,
  `КодПК_3` varchar(255) DEFAULT NULL,
  `НаименованиеСвязиПК` varchar(255) DEFAULT NULL,
  `ТипСвязиПК` varchar(45) DEFAULT NULL,
  `ОценкаСвязиПК` varchar(45) DEFAULT NULL,
  `КодСвязиПК` varchar(45) DEFAULT NULL
) ENGINE=InnoDB DEFAULT CHARSET=utf8;

--
-- Dumping data for table `tablef2`
--

INSERT INTO `tablef2` (`idtablef2`, `Кодструктуры`, `КлассСвязиПК`, `КодПК_1`, `КодПК_2`, `КодПК_3`, `НаименованиеСвязиПК`, `ТипСвязиПК`, `ОценкаСвязиПК`, `КодСвязиПК`) VALUES
(1, 'ZPsPS.1-v', 'P0', '-', 'P1.1', 'P1.1', 'Упорядочивание пр. функционирования передачи', 'У', '99', '-P1.1P1.1'),
(2, 'ZPsPS.1-v', 'PZ', 'P1.1', 'Z1.1', '-', 'Состав пр. функционирования передачи', 'С', '99', 'P1.1Z1.1-'),
(3, 'ZPsPS.1-v', 'Z0', '-', 'Z1.1', 'Z1.1', 'Упорядочивание задачи функционирования передачи', 'У', '99', '-Z1.1Z1.1'),
(4, 'ZPsPS.1-v', 'ZK', 'Z1.1', 'K1.7', '-', 'Состав задачи функционирования передачи', 'С', '1', 'Z1.1K1.7'),
(5, 'ZPsPS.1-v', 'KZ', 'Z1.1', 'K1.7', '-', 'Компоновка задачи функционирования передачи', 'К', '1', 'Z1.1K1.7-'),
(6, 'ZPsPS.1-v', 'K0', '-', 'K1.7', 'K1.7', 'Упорядочивание комп. «средство-устройство»', 'У', '99', '-К1.7K1.7'),
(7, 'ZPsPS.1-v', 'KO', '-', 'K1.7', 'O7.1', 'Состав компонента «средство-устройство»', 'С', '99', 'K1.7O7.1-'),
(8, 'ZPsPS.1-v', 'KO', '-', 'K1.7', 'O7.2', 'Состав компонента «средство-устройство»', 'С', '99', 'K1.7O7.2-'),
(9, 'ZPsPS.1-v', 'KO', '-', 'K1.7', 'O7.4', 'Состав компонента «средство-устройство»', 'С', '99', 'K1.7O7.4-'),
(10, 'ZPsPS.1-v', 'OK', 'K1.7', 'O7.1', 'O7.2', 'Компоновка компонента «средство-устройство»', 'К', '99', 'K1.7O7.1O7.2'),
(11, 'ZPsPS.1-v', 'OK', 'K1.7', 'O7.2', 'O7.4', 'Компоновка компонента «средство-устройство»', 'К', '99', 'K1.7O7.2O7.4'),
(12, 'ZPsPS.1-v', 'O0', '-', 'O7.1', 'O7.1', 'Упорядочивание узла', 'У', '99', '-O7.1O7.1'),
(13, 'ZPsPS.1-v', 'O0', '-', 'O7.2', 'O7.2', 'Упорядочивание CЕ', 'У', '99', '-O7.2O7.2'),
(14, 'ZPsPS.1-v', 'O0', '-', 'O7.4', 'O7.4', 'Упорядочивание Д', 'У', '99', '-O7.4O7.4'),
(15, 'ZPsPS.1-v', 'OR', 'O7.1', 'R1.1', '-', 'Состав Узла', 'С', '1', 'O7.1R1.1-'),
(16, 'ZPsPS.1-v', 'OR', 'O7.1', 'R3.1', '-', 'Состав Узла', 'С', '1', 'O7.1R3.1-'),
(17, 'ZPsPS.1-v', 'OR', 'O7.1', 'R3.2', '-', 'Состав Узла', 'С', '1', 'O7.1R3.2-'),
(18, 'ZPsPS.1-v', 'OR', 'O7.2', 'R1.2', '-', 'Состав СЕ', 'С', '1', 'O7.2R1.2-'),
(19, 'ZPsPS.1-v', 'OR', 'O7.2', 'R2.1', '-', 'Состав СЕ', 'С', '1', 'O7.2R2.1-'),
(20, 'ZPsPS.1-v', 'OR', 'O7.2', 'R3.3', '-', 'Состав СЕ', 'С', '1', 'O7.2R3.3-'),
(21, 'ZPsPS.1-v', 'OR', 'O7.2', 'R3.4', '-', 'Состав СЕ', 'С', '1', 'O7.2R3.4-'),
(22, 'ZPsPS.1-v', 'OR', 'O7.2', 'R3.5', '-', 'Состав СЕ', 'С', '1', 'O7.2R3.5-'),
(23, 'ZPsPS.1-v', 'OR', 'O7.2', 'R3.6', '-', 'Состав СЕ', 'С', '1', 'O7.2R3.6-'),
(24, 'ZPsPS.1-v', 'OR', 'O7.2', 'R3.7', '-', 'Состав СЕ', 'С', '1', 'O7.2R3.7-'),
(25, 'ZPsPS.1-v', 'OR', 'O7.2', 'R3.8', '-', 'Состав СЕ', 'С', '1', 'O7.2R3.8-'),
(26, 'ZPsPS.1-v', 'OR', 'O7.2', 'R3.9', '-', 'Состав СЕ', 'С', '1', 'O7.2R3.9-'),
(27, 'ZPsPS.1-v', 'OR', 'O7.2', 'R3.10', '-', 'Состав СЕ', 'С', '1', 'O7.2R3.10-'),
(28, 'ZPsPS.1-v', 'OR', 'O7.2', 'R3.11', '-', 'Состав СЕ', 'С', '1', 'O7.2R3.11-'),
(29, 'ZPsPS.1-v', 'OR', 'O7.2', 'R3.14', '-', 'Состав СЕ', 'С', '1', 'O7.2R3.14-'),
(30, 'ZPsPS.1-v', 'OR', 'O7.2', 'R4.1', '-', 'Состав СЕ', 'С', '1', 'O7.2R4.1-'),
(31, 'ZPsPS.1-v', 'OR', 'O7.2', 'R4.2', '-', 'Состав СЕ', 'С', '1', 'O7.2R4.2-'),
(32, 'ZPsPS.1-v', 'OR', 'O7.2', 'R5.1', '-', 'Состав СЕ', 'С', '1', 'O7.2R5.1-'),
(33, 'ZPsPS.1-v', 'OR', 'O7.2', 'R5.2', '-', 'Состав СЕ', 'С', '1', 'O7.2R5.2-'),
(34, 'ZPsPS.1-v', 'OR', 'O7.2', 'R5.3', '-', 'Состав СЕ', 'С', '1', 'O7.2R5.3-'),
(35, 'ZPsPS.1-v', 'OR', 'O7.2', 'R5.4', '-', 'Состав СЕ', 'С', '1', 'O7.2R5.4-'),
(36, 'ZPsPS.1-v', 'OR', 'O7.2', 'R5.5', '-', 'Состав СЕ', 'С', '1', 'O7.2R5.5-'),
(37, 'ZPsPS.1-v', 'OR', 'O7.2', 'R5.10', '-', 'Состав СЕ', 'С', '1', 'O7.2R5.10-'),
(38, 'ZPsPS.1-v', 'OR', 'O7.2', 'R6.1', '-', 'Состав СЕ', 'С', '1', 'O7.2R6.1-'),
(39, 'ZPsPS.1-v', 'OR', 'O7.2', 'R6.2', '-', 'Состав СЕ', 'С', '1', 'O7.2R6.2-'),
(40, 'ZPsPS.1-v', 'OR', 'O7.2', 'R6.3', '-', 'Состав СЕ', 'С', '1', 'O7.2R6.3-'),
(41, 'ZPsPS.1-v', 'OR', 'O7.2', 'R6.4', '-', 'Состав СЕ', 'С', '1', 'O7.2R6.4-'),
(42, 'ZPsPS.1-v', 'OR', 'O7.2', 'R6.5', '-', 'Состав СЕ', 'С', '1', 'O7.2R6.5-'),
(43, 'ZPsPS.1-v', 'OR', 'O7.2', 'R6.6', '-', 'Состав СЕ', 'С', '1', 'O7.2R6.6-'),
(44, 'ZPsPS.1-v', 'OR', 'O7.2', 'R6.7', '-', 'Состав СЕ', 'С', '1', 'O7.2R6.7-'),
(45, 'ZPsPS.1-v', 'OR', 'O7.2', 'R6.8', '-', 'Состав СЕ', 'С', '1', 'O7.2R6.8-'),
(46, 'ZPsPS.1-v', 'OR', 'O7.2', 'R7.5', '-', 'Состав СЕ', 'С', '1', 'O7.2R7.5-'),
(47, 'ZPsPS.1-v', 'OR', 'O7.2', 'R7.6', '-', 'Состав СЕ', 'С', '1', 'O7.2R7.6-'),
(48, 'ZPsPS.1-v', 'OR', 'O7.4', 'R1.3', '-', 'Состав Детали', 'С', '1', 'O7.4R1.3-'),
(49, 'ZPsPS.1-v', 'OR', 'O7.4', 'R2.2', '-', 'Состав Детали', 'С', '1', 'O7.4R2.2-'),
(50, 'ZPsPS.1-v', 'OR', 'O7.4', 'R3.12', '-', 'Состав Детали', 'С', '1', 'O7.4R3.12-'),
(51, 'ZPsPS.1-v', 'OR', 'O7.4', 'R3.13', '-', 'Состав Детали', 'С', '1', 'O7.4R3.13-'),
(52, 'ZPsPS.1-v', 'OR', 'O7.4', 'R3.15', '-', 'Состав Детали', 'С', '1', 'O7.4R3.15-'),
(53, 'ZPsPS.1-v', 'OR', 'O7.4', 'R4.3', '-', 'Состав Детали', 'С', '1', 'O7.4R4.3-'),
(54, 'ZPsPS.1-v', 'OR', 'O7.4', 'R5.6', '-', 'Состав Детали', 'С', '1', 'O7.4R5.6-'),
(55, 'ZPsPS.1-v', 'OR', 'O7.4', 'R5.7', '-', 'Состав Детали', 'С', '1', 'O7.4R5.7-'),
(56, 'ZPsPS.1-v', 'OR', 'O7.4', 'R5.8', '-', 'Состав Детали', 'С', '1', 'O7.4R5.8-'),
(57, 'ZPsPS.1-v', 'OR', 'O7.4', 'R5.9', '-', 'Состав Детали', 'С', '1', 'O7.4R5.9-'),
(58, 'ZPsPS.1-v', 'OR', 'O7.4', 'R7.1', '-', 'Состав Детали', 'С', '1', 'O7.4R7.1-'),
(59, 'ZPsPS.1-v', 'OR', 'O7.4', 'R7.2', '-', 'Состав Детали', 'С', '1', 'O7.4R7.2-'),
(60, 'ZPsPS.1-v', 'OR', 'O7.4', 'R7.3', '-', 'Состав Детали', 'С', '1', 'O7.4R7.3-'),
(61, 'ZPsPS.1-v', 'OR', 'O7.4', 'R7.4', '-', 'Состав Детали', 'С', '1', 'O7.4R7.4-'),
(62, 'ZPsPS.1-v', 'OR', 'O7.4', 'R8.1', '-', 'Состав Детали', 'С', '1', 'O7.4R8.1-'),
(63, 'ZPsPS.1-v', 'OR', 'O7.4', 'R9.1', '-', 'Состав Детали', 'С', '1', 'O7.4R9.1-'),
(64, 'ZPsPS.1-v', 'OR', 'O7.4', 'R9.2', '-', 'Состав Детали', 'С', '1', 'O7.4R9.2-'),
(65, 'ZPsPS.1-v', 'OR', 'O7.4', 'R9.3', '-', 'Состав Детали', 'С', '1', 'O7.4R9.3-'),
(66, 'ZPsPS.1-v', 'OR', 'O7.4', 'R9.4', '-', 'Состав Детали', 'С', '1', 'O7.4R9.4-'),
(67, 'ZPsPS.1-v', 'OR', 'O7.4', 'R9.5', '-', 'Состав Детали', 'С', '1', 'O7.4R9.5-'),
(68, 'ZPsPS.1-v', 'RO', 'O7.1', 'R1.1', '-', 'Компоновка Узла', 'K', '1', 'O7.1R1.1-'),
(69, 'ZPsPS.1-v', 'RO', 'O7.1', 'R3.1', '-', 'Компоновка Узла', 'K', '2', 'O7.1R3.1-'),
(70, 'ZPsPS.1-v', 'RO', 'O7.1', 'R3.2', '-', 'Компоновка Узла', 'K', '3', 'O7.1R3.2-'),
(71, 'ZPsPS.1-v', 'RO', 'O7.2', 'R1.2', '-', 'Компоновка СЕ', 'K', '1', 'O7.2R1.2-'),
(72, 'ZPsPS.1-v', 'RO', 'O7.2', 'R2.1', '-', 'Компоновка СЕ', 'K', '2', 'O7.2R2.1-'),
(73, 'ZPsPS.1-v', 'RO', 'O7.2', 'R3.3', '-', 'Компоновка СЕ', 'K', '3', 'O7.2R3.3-'),
(74, 'ZPsPS.1-v', 'RO', 'O7.2', 'R3.4', '-', 'Компоновка СЕ', 'K', '4', 'O7.2R3.4-'),
(75, 'ZPsPS.1-v', 'RO', 'O7.2', 'R3.5', '-', 'Компоновка СЕ', 'K', '5', 'O7.2R3.5-'),
(76, 'ZPsPS.1-v', 'RO', 'O7.2', 'R3.6', '-', 'Компоновка СЕ', 'K', '6', 'O7.2R3.6-'),
(77, 'ZPsPS.1-v', 'RO', 'O7.2', 'R3.7', '-', 'Компоновка СЕ', 'K', '7', 'O7.2R3.7-'),
(78, 'ZPsPS.1-v', 'RO', 'O7.2', 'R3.8', '-', 'Компоновка СЕ', 'K', '8', 'O7.2R3.8-'),
(79, 'ZPsPS.1-v', 'RO', 'O7.2', 'R3.9', '-', 'Компоновка СЕ', 'K', '9', 'O7.2R3.9-'),
(80, 'ZPsPS.1-v', 'RO', 'O7.2', 'R3.10', '-', 'Компоновка СЕ', 'K', '10', 'O7.2R3.10-'),
(81, 'ZPsPS.1-v', 'RO', 'O7.2', 'R3.11', '-', 'Компоновка СЕ', 'K', '11', 'O7.2R3.11-'),
(82, 'ZPsPS.1-v', 'RO', 'O7.2', 'R3.14', '-', 'Компоновка СЕ', 'K', '12', 'O7.2R3.14-'),
(83, 'ZPsPS.1-v', 'RO', 'O7.2', 'R4.1', '-', 'Компоновка СЕ', 'K', '13', 'O7.2R4.1-'),
(84, 'ZPsPS.1-v', 'RO', 'O7.2', 'R4.2', '-', 'Компоновка СЕ', 'K', '14', 'O7.2R4.2-'),
(85, 'ZPsPS.1-v', 'RO', 'O7.2', 'R5.1', '-', 'Компоновка СЕ', 'K', '15', 'O7.2R5.1-'),
(86, 'ZPsPS.1-v', 'RO', 'O7.2', 'R5.2', '-', 'Компоновка СЕ', 'K', '16', 'O7.2R5.2-'),
(87, 'ZPsPS.1-v', 'RO', 'O7.2', 'R5.3', '-', 'Компоновка СЕ', 'K', '17', 'O7.2R5.3-'),
(88, 'ZPsPS.1-v', 'RO', 'O7.2', 'R5.4', '-', 'Компоновка СЕ', 'K', '18', 'O7.2R5.4-'),
(89, 'ZPsPS.1-v', 'RO', 'O7.2', 'R5.5', '-', 'Компоновка СЕ', 'K', '19', 'O7.2R5.5-'),
(90, 'ZPsPS.1-v', 'RO', 'O7.2', 'R5.10', '-', 'Компоновка СЕ', 'K', '20', 'O7.2R5.10-'),
(91, 'ZPsPS.1-v', 'RO', 'O7.2', 'R6.1', '-', 'Компоновка СЕ', 'K', '21', 'O7.2R6.1-'),
(92, 'ZPsPS.1-v', 'RO', 'O7.2', 'R6.2', '-', 'Компоновка СЕ', 'K', '22', 'O7.2R6.2-'),
(93, 'ZPsPS.1-v', 'RO', 'O7.2', 'R6.3', '-', 'Компоновка СЕ', 'K', '23', 'O7.2R6.3-'),
(94, 'ZPsPS.1-v', 'RO', 'O7.2', 'R6.4', '-', 'Компоновка СЕ', 'K', '24', 'O7.2R6.4-'),
(95, 'ZPsPS.1-v', 'RO', 'O7.2', 'R6.5', '-', 'Компоновка СЕ', 'K', '25', 'O7.2R6.5-'),
(96, 'ZPsPS.1-v', 'RO', 'O7.2', 'R6.6', '-', 'Компоновка СЕ', 'K', '26', 'O7.2R6.6-'),
(97, 'ZPsPS.1-v', 'RO', 'O7.2', 'R6.7', '-', 'Компоновка СЕ', 'K', '27', 'O7.2R6.7-'),
(98, 'ZPsPS.1-v', 'RO', 'O7.2', 'R6.8', '-', 'Компоновка СЕ', 'K', '28', 'O7.2R6.8-'),
(99, 'ZPsPS.1-v', 'RO', 'O7.2', 'R7.5', '-', 'Компоновка СЕ', 'K', '29', 'O7.2R7.5-'),
(100, 'ZPsPS.1-v', 'RO', 'O7.2', 'R7.6', '-', 'Компоновка СЕ', 'K', '30', 'O7.2R7.6-'),
(101, 'ZPsPS.1-v', 'RO', 'O7.4', 'R1.3', '-', 'Компоновка Детали', 'K', '1', 'O7.4R1.3-'),
(102, 'ZPsPS.1-v', 'RO', 'O7.4', 'R2.2', '-', 'Компоновка Детали', 'K', '2', 'O7.4R2.2-'),
(103, 'ZPsPS.1-v', 'RO', 'O7.4', 'R3.12', '-', 'Компоновка Детали', 'K', '3', 'O7.4R3.12-'),
(104, 'ZPsPS.1-v', 'RO', 'O7.4', 'R3.13', '-', 'Компоновка Детали', 'K', '4', 'O7.4R3.13-'),
(105, 'ZPsPS.1-v', 'RO', 'O7.4', 'R3.15', '-', 'Компоновка Детали', 'K', '5', 'O7.4R3.15-'),
(106, 'ZPsPS.1-v', 'RO', 'O7.4', 'R4.3', '-', 'Компоновка Детали', 'K', '6', 'O7.4R4.3-'),
(107, 'ZPsPS.1-v', 'RO', 'O7.4', 'R5.6', '-', 'Компоновка Детали', 'K', '7', 'O7.4R5.6-'),
(108, 'ZPsPS.1-v', 'RO', 'O7.4', 'R5.7', '-', 'Компоновка Детали', 'K', '8', 'O7.4R5.7-'),
(109, 'ZPsPS.1-v', 'RO', 'O7.4', 'R5.8', '-', 'Компоновка Детали', 'K', '9', 'O7.4R5.8-'),
(110, 'ZPsPS.1-v', 'RO', 'O7.4', 'R5.9', '-', 'Компоновка Детали', 'K', '10', 'O7.4R5.9-'),
(111, 'ZPsPS.1-v', 'RO', 'O7.4', 'R7.1', '-', 'Компоновка Детали', 'K', '11', 'O7.4R7.1-'),
(112, 'ZPsPS.1-v', 'RO', 'O7.4', 'R7.2', '-', 'Компоновка Детали', 'K', '12', 'O7.4R7.2-'),
(113, 'ZPsPS.1-v', 'RO', 'O7.4', 'R7.3', '-', 'Компоновка Детали', 'K', '13', 'O7.4R7.3-'),
(114, 'ZPsPS.1-v', 'RO', 'O7.4', 'R7.4', '-', 'Компоновка Детали', 'K', '14', 'O7.4R7.4-'),
(115, 'ZPsPS.1-v', 'RO', 'O7.4', 'R8.1', '-', 'Компоновка Детали', 'K', '15', 'O7.4R8.1-'),
(116, 'ZPsPS.1-v', 'RO', 'O7.4', 'R9.1', '-', 'Компоновка Детали', 'K', '16', 'O7.4R9.1-'),
(117, 'ZPsPS.1-v', 'RO', 'O7.4', 'R9.2', '-', 'Компоновка Детали', 'K', '17', 'O7.4R9.2-'),
(118, 'ZPsPS.1-v', 'RO', 'O7.4', 'R9.3', '-', 'Компоновка Детали', 'K', '18', 'O7.4R9.3-'),
(119, 'ZPsPS.1-v', 'RO', 'O7.4', 'R9.4', '-', 'Компоновка Детали', 'K', '19', 'O7.4R9.4-'),
(120, 'ZPsPS.1-v', 'RO', 'O7.4', 'R9.5', '-', 'Компоновка Детали', 'K', '20', 'O7.4R9.5-');

-- --------------------------------------------------------

--
-- Table structure for table `tablef2c`
--

CREATE TABLE `tablef2c` (
  `idtablef2c` int(11) NOT NULL,
  `Кодструктуры` varchar(45) DEFAULT NULL,
  `КлассСвязиПК` varchar(45) DEFAULT NULL,
  `КодПК_1` varchar(45) DEFAULT NULL,
  `КодПК_2` varchar(45) DEFAULT NULL,
  `КодПК_3` varchar(255) DEFAULT NULL,
  `НаименованиеСвязиПК` varchar(255) DEFAULT NULL,
  `ТипСвязиПК` varchar(45) DEFAULT NULL,
  `ОценкаСвязиПК` varchar(45) DEFAULT NULL,
  `КодСвязиПК` varchar(45) DEFAULT NULL
) ENGINE=InnoDB DEFAULT CHARSET=utf8;

--
-- Dumping data for table `tablef2c`
--

INSERT INTO `tablef2c` (`idtablef2c`, `Кодструктуры`, `КлассСвязиПК`, `КодПК_1`, `КодПК_2`, `КодПК_3`, `НаименованиеСвязиПК`, `ТипСвязиПК`, `ОценкаСвязиПК`, `КодСвязиПК`) VALUES
(1, 'ZPsPS.1-v', 'P0', '-', 'P1.1', 'P1.1', 'Упорядочивание пр. функционирования передачи', 'У', '99', '-P1.1P1.1'),
(2, 'ZPsPS.1-v', 'PZ', 'P1.1', 'Z1.1', '-', 'Состав пр. функционирования передачи', 'С', '99', 'P1.1Z1.1-'),
(3, 'ZPsPS.1-v', 'Z0', '-', 'Z1.1', 'Z1.1', 'Упорядочивание задачи функционирования передачи', 'У', '99', '-Z1.1Z1.1'),
(4, 'ZPsPS.1-v', 'ZK', 'Z1.1', 'K1.7', '-', 'Состав задачи функционирования передачи', 'С', '1', 'Z1.1K1.7'),
(5, 'ZPsPS.1-v', 'KZ', 'Z1.1', 'K1.7', '-', 'Компоновка задачи функционирования передачи', 'К', '1', 'Z1.1K1.7-'),
(6, 'ZPsPS.1-v', 'K0', '-', 'K1.7', 'K1.7', 'Упорядочивание комп. «средство-устройство»', 'У', '99', '-К1.7K1.7'),
(7, 'ZPsPS.1-v', 'KO', '-', 'K1.7', 'O7.1', 'Состав компонента «средство-устройство»', 'С', '99', 'K1.7O7.1-'),
(8, 'ZPsPS.1-v', 'KO', '-', 'K1.7', 'O7.2', 'Состав компонента «средство-устройство»', 'С', '99', 'K1.7O7.2-'),
(9, 'ZPsPS.1-v', 'KO', '-', 'K1.7', 'O7.4', 'Состав компонента «средство-устройство»', 'С', '99', 'K1.7O7.4-'),
(10, 'ZPsPS.1-v', 'OK', 'K1.7', 'O7.1', 'O7.2', 'Компоновка компонента «средство-устройство»', 'К', '99', 'K1.7O7.1O7.2'),
(11, 'ZPsPS.1-v', 'OK', 'K1.7', 'O7.2', 'O7.4', 'Компоновка компонента «средство-устройство»', 'К', '99', 'K1.7O7.2O7.4'),
(12, 'ZPsPS.1-v', 'O0', '-', 'O7.1', 'O7.1', 'Упорядочивание узла', 'У', '99', '-O7.1O7.1'),
(13, 'ZPsPS.1-v', 'O0', '-', 'O7.2', 'O7.2', 'Упорядочивание CЕ', 'У', '99', '-O7.2O7.2'),
(14, 'ZPsPS.1-v', 'O0', '-', 'O7.4', 'O7.4', 'Упорядочивание Д', 'У', '99', '-O7.4O7.4'),
(15, 'ZPsPS.1-v', 'OR', 'O7.1', 'R1.1', '-', 'Состав Узла', 'С', '1', 'O7.1R1.1-'),
(16, 'Z8.11.1-c', 'OR', 'O7.1', 'R3.1', '-', 'Состав Узла', 'С', '1', 'O7.1R3.1-'),
(17, 'ZPsPS.1-v', 'OR', 'O7.1', 'R3.2', '-', 'Состав Узла', 'С', '1', 'O7.1R3.2-'),
(18, 'ZPsPS.1-v', 'OR', 'O7.2', 'R1.2', '-', 'Состав СЕ', 'С', '1', 'O7.2R1.2-'),
(19, 'ZPsPS.1-v', 'OR', 'O7.2', 'R2.1', '-', 'Состав СЕ', 'С', '1', 'O7.2R2.1-'),
(20, 'ZPsPS.1-v', 'OR', 'O7.2', 'R3.3', '-', 'Состав СЕ', 'С', '1', 'O7.2R3.3-'),
(21, 'ZPsPS.1-v', 'OR', 'O7.2', 'R3.4', '-', 'Состав СЕ', 'С', '1', 'O7.2R3.4-'),
(22, 'ZPsPS.1-v', 'OR', 'O7.2', 'R3.5', '-', 'Состав СЕ', 'С', '1', 'O7.2R3.5-'),
(23, 'ZPsPS.1-v', 'OR', 'O7.2', 'R3.6', '-', 'Состав СЕ', 'С', '1', 'O7.2R3.6-'),
(24, 'ZPsPS.1-v', 'OR', 'O7.2', 'R3.7', '-', 'Состав СЕ', 'С', '1', 'O7.2R3.7-'),
(25, 'ZPsPS.1-v', 'OR', 'O7.2', 'R3.8', '-', 'Состав СЕ', 'С', '1', 'O7.2R3.8-'),
(26, 'ZPsPS.1-v', 'OR', 'O7.2', 'R3.9', '-', 'Состав СЕ', 'С', '1', 'O7.2R3.9-'),
(27, 'ZPsPS.1-v', 'OR', 'O7.2', 'R3.10', '-', 'Состав СЕ', 'С', '1', 'O7.2R3.10-'),
(28, 'ZPsPS.1-v', 'OR', 'O7.2', 'R3.11', '-', 'Состав СЕ', 'С', '1', 'O7.2R3.11-'),
(29, 'ZPsPS.1-v', 'OR', 'O7.2', 'R3.14', '-', 'Состав СЕ', 'С', '1', 'O7.2R3.14-'),
(30, 'ZPsPS.1-v', 'OR', 'O7.2', 'R4.1', '-', 'Состав СЕ', 'С', '1', 'O7.2R4.1-'),
(31, 'ZPsPS.1-v', 'OR', 'O7.2', 'R4.2', '-', 'Состав СЕ', 'С', '1', 'O7.2R4.2-'),
(32, 'ZPsPS.1-v', 'OR', 'O7.2', 'R5.1', '-', 'Состав СЕ', 'С', '1', 'O7.2R5.1-'),
(33, 'ZPsPS.1-v', 'OR', 'O7.2', 'R5.2', '-', 'Состав СЕ', 'С', '1', 'O7.2R5.2-'),
(34, 'ZPsPS.1-v', 'OR', 'O7.2', 'R5.3', '-', 'Состав СЕ', 'С', '1', 'O7.2R5.3-'),
(35, 'ZPsPS.1-v', 'OR', 'O7.2', 'R5.4', '-', 'Состав СЕ', 'С', '1', 'O7.2R5.4-'),
(36, 'ZPsPS.1-v', 'OR', 'O7.2', 'R5.5', '-', 'Состав СЕ', 'С', '1', 'O7.2R5.5-'),
(37, 'ZPsPS.1-v', 'OR', 'O7.2', 'R5.10', '-', 'Состав СЕ', 'С', '1', 'O7.2R5.10-'),
(38, 'ZPsPS.1-v', 'OR', 'O7.2', 'R6.1', '-', 'Состав СЕ', 'С', '1', 'O7.2R6.1-'),
(39, 'ZPsPS.1-v', 'OR', 'O7.2', 'R6.2', '-', 'Состав СЕ', 'С', '1', 'O7.2R6.2-'),
(40, 'ZPsPS.1-v', 'OR', 'O7.2', 'R6.3', '-', 'Состав СЕ', 'С', '1', 'O7.2R6.3-'),
(41, 'ZPsPS.1-v', 'OR', 'O7.2', 'R6.4', '-', 'Состав СЕ', 'С', '1', 'O7.2R6.4-'),
(42, 'ZPsPS.1-v', 'OR', 'O7.2', 'R6.5', '-', 'Состав СЕ', 'С', '1', 'O7.2R6.5-'),
(43, 'ZPsPS.1-v', 'OR', 'O7.2', 'R6.6', '-', 'Состав СЕ', 'С', '1', 'O7.2R6.6-'),
(44, 'ZPsPS.1-v', 'OR', 'O7.2', 'R6.7', '-', 'Состав СЕ', 'С', '1', 'O7.2R6.7-'),
(45, 'ZPsPS.1-v', 'OR', 'O7.2', 'R6.8', '-', 'Состав СЕ', 'С', '1', 'O7.2R6.8-'),
(46, 'ZPsPS.1-v', 'OR', 'O7.2', 'R7.5', '-', 'Состав СЕ', 'С', '1', 'O7.2R7.5-'),
(47, 'ZPsPS.1-v', 'OR', 'O7.2', 'R7.6', '-', 'Состав СЕ', 'С', '1', 'O7.2R7.6-'),
(48, 'ZPsPS.1-v', 'OR', 'O7.4', 'R1.3', '-', 'Состав Детали', 'С', '1', 'O7.4R1.3-'),
(49, 'ZPsPS.1-v', 'OR', 'O7.4', 'R2.2', '-', 'Состав Детали', 'С', '1', 'O7.4R2.2-'),
(50, 'ZPsPS.1-v', 'OR', 'O7.4', 'R3.12', '-', 'Состав Детали', 'С', '1', 'O7.4R3.12-'),
(51, 'ZPsPS.1-v', 'OR', 'O7.4', 'R3.13', '-', 'Состав Детали', 'С', '1', 'O7.4R3.13-'),
(52, 'ZPsPS.1-v', 'OR', 'O7.4', 'R3.15', '-', 'Состав Детали', 'С', '1', 'O7.4R3.15-'),
(53, 'ZPsPS.1-v', 'OR', 'O7.4', 'R4.3', '-', 'Состав Детали', 'С', '1', 'O7.4R4.3-'),
(54, 'ZPsPS.1-v', 'OR', 'O7.4', 'R5.6', '-', 'Состав Детали', 'С', '1', 'O7.4R5.6-'),
(55, 'ZPsPS.1-v', 'OR', 'O7.4', 'R5.7', '-', 'Состав Детали', 'С', '1', 'O7.4R5.7-'),
(56, 'ZPsPS.1-v', 'OR', 'O7.4', 'R5.8', '-', 'Состав Детали', 'С', '1', 'O7.4R5.8-'),
(57, 'ZPsPS.1-v', 'OR', 'O7.4', 'R5.9', '-', 'Состав Детали', 'С', '1', 'O7.4R5.9-'),
(58, 'ZPsPS.1-v', 'OR', 'O7.4', 'R7.1', '-', 'Состав Детали', 'С', '1', 'O7.4R7.1-'),
(59, 'ZPsPS.1-v', 'OR', 'O7.4', 'R7.2', '-', 'Состав Детали', 'С', '1', 'O7.4R7.2-'),
(60, 'ZPsPS.1-v', 'OR', 'O7.4', 'R7.3', '-', 'Состав Детали', 'С', '1', 'O7.4R7.3-'),
(61, 'ZPsPS.1-v', 'OR', 'O7.4', 'R7.4', '-', 'Состав Детали', 'С', '1', 'O7.4R7.4-'),
(62, 'ZPsPS.1-v', 'OR', 'O7.4', 'R8.1', '-', 'Состав Детали', 'С', '1', 'O7.4R8.1-'),
(63, 'ZPsPS.1-v', 'OR', 'O7.4', 'R9.1', '-', 'Состав Детали', 'С', '1', 'O7.4R9.1-'),
(64, 'ZPsPS.1-v', 'OR', 'O7.4', 'R9.2', '-', 'Состав Детали', 'С', '1', 'O7.4R9.2-'),
(65, 'ZPsPS.1-v', 'OR', 'O7.4', 'R9.3', '-', 'Состав Детали', 'С', '1', 'O7.4R9.3-'),
(66, 'ZPsPS.1-v', 'OR', 'O7.4', 'R9.4', '-', 'Состав Детали', 'С', '1', 'O7.4R9.4-'),
(67, 'ZPsPS.1-v', 'OR', 'O7.4', 'R9.5', '-', 'Состав Детали', 'С', '1', 'O7.4R9.5-'),
(68, 'ZPsPS.1-v', 'RO', 'O7.1', 'R1.1', '-', 'Компоновка Узла', 'K', '1', 'O7.1R1.1-'),
(69, 'ZPsPS.1-v', 'RO', 'O7.1', 'R3.1', '-', 'Компоновка Узла', 'K', '2', 'O7.1R3.1-'),
(70, 'ZPsPS.1-v', 'RO', 'O7.1', 'R3.2', '-', 'Компоновка Узла', 'K', '3', 'O7.1R3.2-'),
(71, 'ZPsPS.1-v', 'RO', 'O7.2', 'R1.2', '-', 'Компоновка СЕ', 'K', '1', 'O7.2R1.2-'),
(72, 'ZPsPS.1-v', 'RO', 'O7.2', 'R2.1', '-', 'Компоновка СЕ', 'K', '2', 'O7.2R2.1-'),
(73, 'ZPsPS.1-v', 'RO', 'O7.2', 'R3.3', '-', 'Компоновка СЕ', 'K', '3', 'O7.2R3.3-'),
(74, 'ZPsPS.1-v', 'RO', 'O7.2', 'R3.4', '-', 'Компоновка СЕ', 'K', '4', 'O7.2R3.4-'),
(75, 'ZPsPS.1-v', 'RO', 'O7.2', 'R3.5', '-', 'Компоновка СЕ', 'K', '5', 'O7.2R3.5-'),
(76, 'ZPsPS.1-v', 'RO', 'O7.2', 'R3.6', '-', 'Компоновка СЕ', 'K', '6', 'O7.2R3.6-'),
(77, 'ZPsPS.1-v', 'RO', 'O7.2', 'R3.7', '-', 'Компоновка СЕ', 'K', '7', 'O7.2R3.7-'),
(78, 'ZPsPS.1-v', 'RO', 'O7.2', 'R3.8', '-', 'Компоновка СЕ', 'K', '8', 'O7.2R3.8-'),
(79, 'ZPsPS.1-v', 'RO', 'O7.2', 'R3.9', '-', 'Компоновка СЕ', 'K', '9', 'O7.2R3.9-'),
(80, 'ZPsPS.1-v', 'RO', 'O7.2', 'R3.10', '-', 'Компоновка СЕ', 'K', '10', 'O7.2R3.10-'),
(81, 'ZPsPS.1-v', 'RO', 'O7.2', 'R3.11', '-', 'Компоновка СЕ', 'K', '11', 'O7.2R3.11-'),
(82, 'ZPsPS.1-v', 'RO', 'O7.2', 'R3.14', '-', 'Компоновка СЕ', 'K', '12', 'O7.2R3.14-'),
(83, 'ZPsPS.1-v', 'RO', 'O7.2', 'R4.1', '-', 'Компоновка СЕ', 'K', '13', 'O7.2R4.1-'),
(84, 'ZPsPS.1-v', 'RO', 'O7.2', 'R4.2', '-', 'Компоновка СЕ', 'K', '14', 'O7.2R4.2-'),
(85, 'ZPsPS.1-v', 'RO', 'O7.2', 'R5.1', '-', 'Компоновка СЕ', 'K', '15', 'O7.2R5.1-'),
(86, 'ZPsPS.1-v', 'RO', 'O7.2', 'R5.2', '-', 'Компоновка СЕ', 'K', '16', 'O7.2R5.2-'),
(87, 'ZPsPS.1-v', 'RO', 'O7.2', 'R5.3', '-', 'Компоновка СЕ', 'K', '17', 'O7.2R5.3-'),
(88, 'ZPsPS.1-v', 'RO', 'O7.2', 'R5.4', '-', 'Компоновка СЕ', 'K', '18', 'O7.2R5.4-'),
(89, 'ZPsPS.1-v', 'RO', 'O7.2', 'R5.5', '-', 'Компоновка СЕ', 'K', '19', 'O7.2R5.5-'),
(90, 'ZPsPS.1-v', 'RO', 'O7.2', 'R5.10', '-', 'Компоновка СЕ', 'K', '20', 'O7.2R5.10-'),
(91, 'ZPsPS.1-v', 'RO', 'O7.2', 'R6.1', '-', 'Компоновка СЕ', 'K', '21', 'O7.2R6.1-'),
(92, 'ZPsPS.1-v', 'RO', 'O7.2', 'R6.2', '-', 'Компоновка СЕ', 'K', '22', 'O7.2R6.2-'),
(93, 'ZPsPS.1-v', 'RO', 'O7.2', 'R6.3', '-', 'Компоновка СЕ', 'K', '23', 'O7.2R6.3-'),
(94, 'ZPsPS.1-v', 'RO', 'O7.2', 'R6.4', '-', 'Компоновка СЕ', 'K', '24', 'O7.2R6.4-'),
(95, 'ZPsPS.1-v', 'RO', 'O7.2', 'R6.5', '-', 'Компоновка СЕ', 'K', '25', 'O7.2R6.5-'),
(96, 'ZPsPS.1-v', 'RO', 'O7.2', 'R6.6', '-', 'Компоновка СЕ', 'K', '26', 'O7.2R6.6-'),
(97, 'ZPsPS.1-v', 'RO', 'O7.2', 'R6.7', '-', 'Компоновка СЕ', 'K', '27', 'O7.2R6.7-'),
(98, 'ZPsPS.1-v', 'RO', 'O7.2', 'R6.8', '-', 'Компоновка СЕ', 'K', '28', 'O7.2R6.8-'),
(99, 'ZPsPS.1-v', 'RO', 'O7.2', 'R7.5', '-', 'Компоновка СЕ', 'K', '29', 'O7.2R7.5-'),
(100, 'ZPsPS.1-v', 'RO', 'O7.2', 'R7.6', '-', 'Компоновка СЕ', 'K', '30', 'O7.2R7.6-'),
(101, 'ZPsPS.1-v', 'RO', 'O7.4', 'R1.3', '-', 'Компоновка Детали', 'K', '1', 'O7.4R1.3-'),
(102, 'ZPsPS.1-v', 'RO', 'O7.4', 'R2.2', '-', 'Компоновка Детали', 'K', '2', 'O7.4R2.2-'),
(103, 'ZPsPS.1-v', 'RO', 'O7.4', 'R3.12', '-', 'Компоновка Детали', 'K', '3', 'O7.4R3.12-'),
(104, 'ZPsPS.1-v', 'RO', 'O7.4', 'R3.13', '-', 'Компоновка Детали', 'K', '4', 'O7.4R3.13-'),
(105, 'ZPsPS.1-v', 'RO', 'O7.4', 'R3.15', '-', 'Компоновка Детали', 'K', '5', 'O7.4R3.15-'),
(106, 'ZPsPS.1-v', 'RO', 'O7.4', 'R4.3', '-', 'Компоновка Детали', 'K', '6', 'O7.4R4.3-'),
(107, 'ZPsPS.1-v', 'RO', 'O7.4', 'R5.6', '-', 'Компоновка Детали', 'K', '7', 'O7.4R5.6-'),
(108, 'ZPsPS.1-v', 'RO', 'O7.4', 'R5.7', '-', 'Компоновка Детали', 'K', '8', 'O7.4R5.7-'),
(109, 'ZPsPS.1-v', 'RO', 'O7.4', 'R5.8', '-', 'Компоновка Детали', 'K', '9', 'O7.4R5.8-'),
(110, 'ZPsPS.1-v', 'RO', 'O7.4', 'R5.9', '-', 'Компоновка Детали', 'K', '10', 'O7.4R5.9-'),
(111, 'ZPsPS.1-v', 'RO', 'O7.4', 'R7.1', '-', 'Компоновка Детали', 'K', '11', 'O7.4R7.1-'),
(112, 'ZPsPS.1-v', 'RO', 'O7.4', 'R7.2', '-', 'Компоновка Детали', 'K', '12', 'O7.4R7.2-'),
(113, 'ZPsPS.1-v', 'RO', 'O7.4', 'R7.3', '-', 'Компоновка Детали', 'K', '13', 'O7.4R7.3-'),
(114, 'ZPsPS.1-v', 'RO', 'O7.4', 'R7.4', '-', 'Компоновка Детали', 'K', '14', 'O7.4R7.4-'),
(115, 'ZPsPS.1-v', 'RO', 'O7.4', 'R8.1', '-', 'Компоновка Детали', 'K', '15', 'O7.4R8.1-'),
(116, 'ZPsPS.1-v', 'RO', 'O7.4', 'R9.1', '-', 'Компоновка Детали', 'K', '16', 'O7.4R9.1-'),
(117, 'ZPsPS.1-v', 'RO', 'O7.4', 'R9.2', '-', 'Компоновка Детали', 'K', '17', 'O7.4R9.2-'),
(118, 'ZPsPS.1-v', 'RO', 'O7.4', 'R9.3', '-', 'Компоновка Детали', 'K', '18', 'O7.4R9.3-'),
(119, 'ZPsPS.1-v', 'RO', 'O7.4', 'R9.4', '-', 'Компоновка Детали', 'K', '19', 'O7.4R9.4-'),
(120, 'ZPsPS.1-v', 'RO', 'O7.4', 'R9.5', '-', 'Компоновка Детали', 'K', '20', 'O7.4R9.5-');

-- --------------------------------------------------------

--
-- Table structure for table `tablef2link`
--

CREATE TABLE `tablef2link` (
  `idtablef2` int(11) NOT NULL,
  `КлассСвязиПК` varchar(45) DEFAULT NULL,
  `КодПК_1` varchar(45) DEFAULT NULL,
  `КодПК_2` varchar(45) DEFAULT NULL,
  `КодПК_3` varchar(255) DEFAULT NULL,
  `НаименованиеСвязиПК` varchar(255) DEFAULT NULL,
  `ТипСвязиПК` varchar(45) DEFAULT NULL,
  `ОценкаСвязиПК` varchar(45) DEFAULT NULL,
  `КодСвязиПК` varchar(45) DEFAULT NULL
) ENGINE=InnoDB DEFAULT CHARSET=utf8;

--
-- Dumping data for table `tablef2link`
--

INSERT INTO `tablef2link` (`idtablef2`, `КлассСвязиПК`, `КодПК_1`, `КодПК_2`, `КодПК_3`, `НаименованиеСвязиПК`, `ТипСвязиПК`, `ОценкаСвязиПК`, `КодСвязиПК`) VALUES
(1, 'P0', '-', 'P1.1', 'P1.1', 'Упорядочивание пр. функционирования передачи', 'У', '99', '-P1.1P1.1'),
(2, 'PZ', 'P1.1', 'Z1.1', '-', 'Состав пр. функционирования передачи', 'С', '99', 'P1.1Z1.1-'),
(3, 'Z0', '-', 'Z1.1', 'Z1.1', 'Упорядочивание задачи функционирования передачи', 'У', '99', '-Z1.1Z1.1'),
(4, 'ZK', 'Z1.1', 'K1.7', '-', 'Состав задачи функционирования передачи', 'С', '1', 'Z1.1K1.7'),
(5, 'KZ', 'Z1.1', 'K1.7', '-', 'Компоновка задачи функционирования передачи', 'К', '1', 'Z1.1K1.7-'),
(6, 'K0', '-', 'K1.7', 'K1.7', 'Упорядочивание комп. «средство-устройство»', 'У', '99', '-К1.7K1.7'),
(7, 'KO', '-', 'K1.7', 'O7.1', 'Состав компонента «средство-устройство»', 'С', '99', 'K1.7O7.1-'),
(8, 'KO', '-', 'K1.7', 'O7.2', 'Состав компонента «средство-устройство»', 'С', '99', 'K1.7O7.2-'),
(9, 'KO', '-', 'K1.7', 'O7.4', 'Состав компонента «средство-устройство»', 'С', '99', 'K1.7O7.4-'),
(10, 'OK', 'K1.7', 'O7.1', 'O7.2', 'Компоновка компонента «средство-устройство»', 'К', '99', 'K1.7O7.1O7.2'),
(11, 'OK', 'K1.7', 'O7.2', 'O7.4', 'Компоновка компонента «средство-устройство»', 'К', '99', 'K1.7O7.2O7.4'),
(12, 'O0', '-', 'O7.1', 'O7.1', 'Упорядочивание узла', 'У', '99', '-O7.1O7.1'),
(13, 'O0', '-', 'O7.2', 'O7.2', 'Упорядочивание CЕ', 'У', '99', '-O7.2O7.2'),
(14, 'O0', '-', 'O7.4', 'O7.4', 'Упорядочивание Д', 'У', '99', '-O7.4O7.4'),
(15, 'OR', 'O7.1', 'R1.1', '-', 'Состав Узла', 'С', '1', 'O7.1R1.1-'),
(16, 'OR', 'O7.1', 'R3.1', '-', 'Состав Узла', 'С', '1', 'O7.1R3.1-'),
(17, 'OR', 'O7.1', 'R3.2', '-', 'Состав Узла', 'С', '1', 'O7.1R3.2-'),
(18, 'OR', 'O7.2', 'R1.2', '-', 'Состав СЕ', 'С', '1', 'O7.2R1.2-'),
(19, 'OR', 'O7.2', 'R2.1', '-', 'Состав СЕ', 'С', '1', 'O7.2R2.1-'),
(20, 'OR', 'O7.2', 'R3.3', '-', 'Состав СЕ', 'С', '1', 'O7.2R3.3-'),
(21, 'OR', 'O7.2', 'R3.4', '-', 'Состав СЕ', 'С', '1', 'O7.2R3.4-'),
(22, 'OR', 'O7.2', 'R3.5', '-', 'Состав СЕ', 'С', '1', 'O7.2R3.5-'),
(23, 'OR', 'O7.2', 'R3.6', '-', 'Состав СЕ', 'С', '1', 'O7.2R3.6-'),
(24, 'OR', 'O7.2', 'R3.7', '-', 'Состав СЕ', 'С', '1', 'O7.2R3.7-'),
(25, 'OR', 'O7.2', 'R3.8', '-', 'Состав СЕ', 'С', '1', 'O7.2R3.8-'),
(26, 'OR', 'O7.2', 'R3.9', '-', 'Состав СЕ', 'С', '1', 'O7.2R3.9-'),
(27, 'OR', 'O7.2', 'R3.10', '-', 'Состав СЕ', 'С', '1', 'O7.2R3.10-'),
(28, 'OR', 'O7.2', 'R3.11', '-', 'Состав СЕ', 'С', '1', 'O7.2R3.11-'),
(29, 'OR', 'O7.2', 'R3.14', '-', 'Состав СЕ', 'С', '1', 'O7.2R3.14-'),
(30, 'OR', 'O7.2', 'R4.1', '-', 'Состав СЕ', 'С', '1', 'O7.2R4.1-'),
(31, 'OR', 'O7.2', 'R4.2', '-', 'Состав СЕ', 'С', '1', 'O7.2R4.2-'),
(32, 'OR', 'O7.2', 'R5.1', '-', 'Состав СЕ', 'С', '1', 'O7.2R5.1-'),
(33, 'OR', 'O7.2', 'R5.2', '-', 'Состав СЕ', 'С', '1', 'O7.2R5.2-'),
(34, 'OR', 'O7.2', 'R5.3', '-', 'Состав СЕ', 'С', '1', 'O7.2R5.3-'),
(35, 'OR', 'O7.2', 'R5.4', '-', 'Состав СЕ', 'С', '1', 'O7.2R5.4-'),
(36, 'OR', 'O7.2', 'R5.5', '-', 'Состав СЕ', 'С', '1', 'O7.2R5.5-'),
(37, 'OR', 'O7.2', 'R5.10', '-', 'Состав СЕ', 'С', '1', 'O7.2R5.10-'),
(38, 'OR', 'O7.2', 'R6.1', '-', 'Состав СЕ', 'С', '1', 'O7.2R6.1-'),
(39, 'OR', 'O7.2', 'R6.2', '-', 'Состав СЕ', 'С', '1', 'O7.2R6.2-'),
(40, 'OR', 'O7.2', 'R6.3', '-', 'Состав СЕ', 'С', '1', 'O7.2R6.3-'),
(41, 'OR', 'O7.2', 'R6.4', '-', 'Состав СЕ', 'С', '1', 'O7.2R6.4-'),
(42, 'OR', 'O7.2', 'R6.5', '-', 'Состав СЕ', 'С', '1', 'O7.2R6.5-'),
(43, 'OR', 'O7.2', 'R6.6', '-', 'Состав СЕ', 'С', '1', 'O7.2R6.6-'),
(44, 'OR', 'O7.2', 'R6.7', '-', 'Состав СЕ', 'С', '1', 'O7.2R6.7-'),
(45, 'OR', 'O7.2', 'R6.8', '-', 'Состав СЕ', 'С', '1', 'O7.2R6.8-'),
(46, 'OR', 'O7.2', 'R7.5', '-', 'Состав СЕ', 'С', '1', 'O7.2R7.5-'),
(47, 'OR', 'O7.2', 'R7.6', '-', 'Состав СЕ', 'С', '1', 'O7.2R7.6-'),
(48, 'OR', 'O7.4', 'R1.3', '-', 'Состав Детали', 'С', '1', 'O7.4R1.3-'),
(49, 'OR', 'O7.4', 'R2.2', '-', 'Состав Детали', 'С', '1', 'O7.4R2.2-'),
(50, 'OR', 'O7.4', 'R3.12', '-', 'Состав Детали', 'С', '1', 'O7.4R3.12-'),
(51, 'OR', 'O7.4', 'R3.13', '-', 'Состав Детали', 'С', '1', 'O7.4R3.13-'),
(52, 'OR', 'O7.4', 'R3.15', '-', 'Состав Детали', 'С', '1', 'O7.4R3.15-'),
(53, 'OR', 'O7.4', 'R4.3', '-', 'Состав Детали', 'С', '1', 'O7.4R4.3-'),
(54, 'OR', 'O7.4', 'R5.6', '-', 'Состав Детали', 'С', '1', 'O7.4R5.6-'),
(55, 'OR', 'O7.4', 'R5.7', '-', 'Состав Детали', 'С', '1', 'O7.4R5.7-'),
(56, 'OR', 'O7.4', 'R5.8', '-', 'Состав Детали', 'С', '1', 'O7.4R5.8-'),
(57, 'OR', 'O7.4', 'R5.9', '-', 'Состав Детали', 'С', '1', 'O7.4R5.9-'),
(58, 'OR', 'O7.4', 'R7.1', '-', 'Состав Детали', 'С', '1', 'O7.4R7.1-'),
(59, 'OR', 'O7.4', 'R7.2', '-', 'Состав Детали', 'С', '1', 'O7.4R7.2-'),
(60, 'OR', 'O7.4', 'R7.3', '-', 'Состав Детали', 'С', '1', 'O7.4R7.3-'),
(61, 'OR', 'O7.4', 'R7.4', '-', 'Состав Детали', 'С', '1', 'O7.4R7.4-'),
(62, 'OR', 'O7.4', 'R8.1', '-', 'Состав Детали', 'С', '1', 'O7.4R8.1-'),
(63, 'OR', 'O7.4', 'R9.1', '-', 'Состав Детали', 'С', '1', 'O7.4R9.1-'),
(64, 'OR', 'O7.4', 'R9.2', '-', 'Состав Детали', 'С', '1', 'O7.4R9.2-'),
(65, 'OR', 'O7.4', 'R9.3', '-', 'Состав Детали', 'С', '1', 'O7.4R9.3-'),
(66, 'OR', 'O7.4', 'R9.4', '-', 'Состав Детали', 'С', '1', 'O7.4R9.4-'),
(67, 'OR', 'O7.4', 'R9.5', '-', 'Состав Детали', 'С', '1', 'O7.4R9.5-'),
(68, 'RO', 'O7.1', 'R1.1', '-', 'Компоновка Узла', 'K', '1', 'O7.1R1.1-'),
(69, 'RO', 'O7.1', 'R3.1', '-', 'Компоновка Узла', 'K', '2', 'O7.1R3.1-'),
(70, 'RO', 'O7.1', 'R3.2', '-', 'Компоновка Узла', 'K', '3', 'O7.1R3.2-'),
(71, 'RO', 'O7.2', 'R1.2', '-', 'Компоновка СЕ', 'K', '1', 'O7.2R1.2-'),
(72, 'RO', 'O7.2', 'R2.1', '-', 'Компоновка СЕ', 'K', '2', 'O7.2R2.1-'),
(73, 'RO', 'O7.2', 'R3.3', '-', 'Компоновка СЕ', 'K', '3', 'O7.2R3.3-'),
(74, 'RO', 'O7.2', 'R3.4', '-', 'Компоновка СЕ', 'K', '4', 'O7.2R3.4-'),
(75, 'RO', 'O7.2', 'R3.5', '-', 'Компоновка СЕ', 'K', '5', 'O7.2R3.5-'),
(76, 'RO', 'O7.2', 'R3.6', '-', 'Компоновка СЕ', 'K', '6', 'O7.2R3.6-'),
(77, 'RO', 'O7.2', 'R3.7', '-', 'Компоновка СЕ', 'K', '7', 'O7.2R3.7-'),
(78, 'RO', 'O7.2', 'R3.8', '-', 'Компоновка СЕ', 'K', '8', 'O7.2R3.8-'),
(79, 'RO', 'O7.2', 'R3.9', '-', 'Компоновка СЕ', 'K', '9', 'O7.2R3.9-'),
(80, 'RO', 'O7.2', 'R3.10', '-', 'Компоновка СЕ', 'K', '10', 'O7.2R3.10-'),
(81, 'RO', 'O7.2', 'R3.11', '-', 'Компоновка СЕ', 'K', '11', 'O7.2R3.11-'),
(82, 'RO', 'O7.2', 'R3.14', '-', 'Компоновка СЕ', 'K', '12', 'O7.2R3.14-'),
(83, 'RO', 'O7.2', 'R4.1', '-', 'Компоновка СЕ', 'K', '13', 'O7.2R4.1-'),
(84, 'RO', 'O7.2', 'R4.2', '-', 'Компоновка СЕ', 'K', '14', 'O7.2R4.2-'),
(85, 'RO', 'O7.2', 'R5.1', '-', 'Компоновка СЕ', 'K', '15', 'O7.2R5.1-'),
(86, 'RO', 'O7.2', 'R5.2', '-', 'Компоновка СЕ', 'K', '16', 'O7.2R5.2-'),
(87, 'RO', 'O7.2', 'R5.3', '-', 'Компоновка СЕ', 'K', '17', 'O7.2R5.3-'),
(88, 'RO', 'O7.2', 'R5.4', '-', 'Компоновка СЕ', 'K', '18', 'O7.2R5.4-'),
(89, 'RO', 'O7.2', 'R5.5', '-', 'Компоновка СЕ', 'K', '19', 'O7.2R5.5-'),
(90, 'RO', 'O7.2', 'R5.10', '-', 'Компоновка СЕ', 'K', '20', 'O7.2R5.10-'),
(91, 'RO', 'O7.2', 'R6.1', '-', 'Компоновка СЕ', 'K', '21', 'O7.2R6.1-'),
(92, 'RO', 'O7.2', 'R6.2', '-', 'Компоновка СЕ', 'K', '22', 'O7.2R6.2-'),
(93, 'RO', 'O7.2', 'R6.3', '-', 'Компоновка СЕ', 'K', '23', 'O7.2R6.3-'),
(94, 'RO', 'O7.2', 'R6.4', '-', 'Компоновка СЕ', 'K', '24', 'O7.2R6.4-'),
(95, 'RO', 'O7.2', 'R6.5', '-', 'Компоновка СЕ', 'K', '25', 'O7.2R6.5-'),
(96, 'RO', 'O7.2', 'R6.6', '-', 'Компоновка СЕ', 'K', '26', 'O7.2R6.6-'),
(97, 'RO', 'O7.2', 'R6.7', '-', 'Компоновка СЕ', 'K', '27', 'O7.2R6.7-'),
(98, 'RO', 'O7.2', 'R6.8', '-', 'Компоновка СЕ', 'K', '28', 'O7.2R6.8-'),
(99, 'RO', 'O7.2', 'R7.5', '-', 'Компоновка СЕ', 'K', '29', 'O7.2R7.5-'),
(100, 'RO', 'O7.2', 'R7.6', '-', 'Компоновка СЕ', 'K', '30', 'O7.2R7.6-'),
(101, 'RO', 'O7.4', 'R1.3', '-', 'Компоновка Детали', 'K', '1', 'O7.4R1.3-'),
(102, 'RO', 'O7.4', 'R2.2', '-', 'Компоновка Детали', 'K', '2', 'O7.4R2.2-'),
(103, 'RO', 'O7.4', 'R3.12', '-', 'Компоновка Детали', 'K', '3', 'O7.4R3.12-'),
(104, 'RO', 'O7.4', 'R3.13', '-', 'Компоновка Детали', 'K', '4', 'O7.4R3.13-'),
(105, 'RO', 'O7.4', 'R3.15', '-', 'Компоновка Детали', 'K', '5', 'O7.4R3.15-'),
(106, 'RO', 'O7.4', 'R4.3', '-', 'Компоновка Детали', 'K', '6', 'O7.4R4.3-'),
(107, 'RO', 'O7.4', 'R5.6', '-', 'Компоновка Детали', 'K', '7', 'O7.4R5.6-'),
(108, 'RO', 'O7.4', 'R5.7', '-', 'Компоновка Детали', 'K', '8', 'O7.4R5.7-'),
(109, 'RO', 'O7.4', 'R5.8', '-', 'Компоновка Детали', 'K', '9', 'O7.4R5.8-'),
(110, 'RO', 'O7.4', 'R5.9', '-', 'Компоновка Детали', 'K', '10', 'O7.4R5.9-'),
(111, 'RO', 'O7.4', 'R7.1', '-', 'Компоновка Детали', 'K', '11', 'O7.4R7.1-'),
(112, 'RO', 'O7.4', 'R7.2', '-', 'Компоновка Детали', 'K', '12', 'O7.4R7.2-'),
(113, 'RO', 'O7.4', 'R7.3', '-', 'Компоновка Детали', 'K', '13', 'O7.4R7.3-'),
(114, 'RO', 'O7.4', 'R7.4', '-', 'Компоновка Детали', 'K', '14', 'O7.4R7.4-'),
(115, 'RO', 'O7.4', 'R8.1', '-', 'Компоновка Детали', 'K', '15', 'O7.4R8.1-'),
(116, 'RO', 'O7.4', 'R9.1', '-', 'Компоновка Детали', 'K', '16', 'O7.4R9.1-'),
(117, 'RO', 'O7.4', 'R9.2', '-', 'Компоновка Детали', 'K', '17', 'O7.4R9.2-'),
(118, 'RO', 'O7.4', 'R9.3', '-', 'Компоновка Детали', 'K', '18', 'O7.4R9.3-'),
(119, 'RO', 'O7.4', 'R9.4', '-', 'Компоновка Детали', 'K', '19', 'O7.4R9.4-'),
(120, 'RO', 'O7.4', 'R9.5', '-', 'Компоновка Детали', 'K', '20', 'O7.4R9.5-');

-- --------------------------------------------------------

--
-- Table structure for table `tablef3`
--

CREATE TABLE `tablef3` (
  `idtablef3` int(11) NOT NULL,
  `Кодструктуры` varchar(255) CHARACTER SET utf8 COLLATE utf8_unicode_ci NOT NULL,
  `КодПЗ1` varchar(255) CHARACTER SET utf8 COLLATE utf8_unicode_ci DEFAULT NULL,
  `НаименованиеПЗ` varchar(255) DEFAULT NULL,
  `Степеньформализации` varchar(255) DEFAULT NULL,
  `СтатусПЗ1` varchar(255) DEFAULT NULL,
  `СтруктурноеСвойствоПЗ1` varchar(255) DEFAULT NULL,
  `ПримечаниеПЗ1` varchar(255) DEFAULT NULL
) ENGINE=InnoDB DEFAULT CHARSET=utf8;

--
-- Dumping data for table `tablef3`
--

INSERT INTO `tablef3` (`idtablef3`, `Кодструктуры`, `КодПЗ1`, `НаименованиеПЗ`, `Степеньформализации`, `СтатусПЗ1`, `СтруктурноеСвойствоПЗ1`, `ПримечаниеПЗ1`) VALUES
(1, 'ZPsPS.3-v', 'z11', 'Проектировочный расчет всех цилиндрических передач с прямыми зубьями ЦПсПЗ', 'Аналит', 'П', '{', ''),
(2, 'ZPsPS.3-v', 'z21', 'Проектировочный расчет  i_й ЦПсПЗ', 'Алг', 'П', '!$[', '!количество передач'),
(3, 'ZPsPS.3-v', 'z31', 'Фиксация передачи', 'Эмп', 'Э', '', ''),
(4, 'ZPsPS.3-v', 'z32', 'Определение проектировоч-ных параметров для текущей передачи', 'Алг', 'П', '[', 'модуль стандартный'),
(5, 'ZPsPS.3-v', 'z33', 'Определение проектировочных параметров для всех передач в зависимости от наличия передач', 'Аналит', 'П', ']?#', ']массив модулей стандартных'),
(6, 'ZPsPS.3-v', 'z45', 'Определение проектировочных параметров для всех передач при  наличии передач  ', 'Аналит', 'П', ' /[', '/ количество передач'),
(7, 'ZPsPS.3-v', 'z59', 'Переход к следующей передаче ', 'Аналит', 'Э', '', 'i=i+1'),
(8, 'ZPsPS.3-v', 'z5_10', 'Определение проектировочных параметров для всех передач при  наличии передач для предыдущей  передачи', 'Аналит', 'Э', ']', 'массив модулей стандартных'),
(9, 'ZPsPS.3-v', 'z46', 'Определение проектировочных параметров для всех передач при  наличии передач  ', 'Аналит', 'П', '/[', '/ количество передач'),
(10, 'ZPsPS.3-v', 'z41', 'Определение передаточного числа ', 'Стат', 'Э', '', ''),
(11, 'ZPsPS.3-v', 'z42', 'Определение межосевого расстояния ', 'Алг', 'П', '[', 'межосевое расстояние'),
(12, 'ZPsPS.3-v', 'z43', 'Определение дополнительных параметров ', 'Алг', 'П', '[', 'число зубьев у ведомого колеса'),
(13, 'ZPsPS.3-v', 'z44', 'Определение стандартного модуля ', 'Эмп', 'Э', ']', 'модуль стандартный'),
(14, 'ZPsPS.3-v', 'z51', 'Выбор коэффициента, учитывающего распределение нагрузки по ширине венца ', 'Стат', 'Э', '', ''),
(15, 'ZPsPS.3-v', 'z52', 'Расчет отношения ширины венца к межосевому расстоянию', '', 'Э', '', ''),
(16, 'ZPsPS.3-v', 'z53', 'Выбор вспомогательного коэффициента, зависящего от материала колёс', 'Стат', 'Э', '', ''),
(17, 'ZPsPS.3-v', 'z54', 'Расчет межосевого расстояния ', 'Алг', 'П', '] [', '] межосевое расстояние'),
(18, 'ZPsPS.3-v', 'z61', 'Определение допускаемого контактного напряжения ', 'Алг', 'П', '[', 'допускаемое контактное напряжение'),
(19, 'ZPsPS.3-v', 'z62', 'Расчет межосевого расстояния в зависимости от вида зацепления', 'Аналит', 'П', '?#]', '?-вид зацепления'),
(20, 'ZPsPS.3-v', 'z71', 'Выбор допускаемого контактного напряжения, соответствующего базовому числу циклов перемены напряжения в зависимости от вида термообработки, материла и вида нагрузки', 'Стат', 'Э', '-', '-'),
(21, 'ZPsPS.3-v', 'z72', 'Определение коэффициента долговечности при контакте', 'Алг', 'П', '[', 'коэффициент долговечности при контакте'),
(22, 'ZPsPS.3-v', 'z73', 'Расчет допускаемого контактного напряжения ', 'Аналит', 'Э', ']', 'допускаемое контактное напряжение'),
(23, 'ZPsPS.3-v', 'z81', 'Расчет эквивалентного числа циклов перемены напряжений при постоянной нагрузке', 'Аналит', 'Э', '-', '-'),
(24, 'ZPsPS.3-v', 'z82', 'Выбор базового числа циклов перемены напряжения, соответствующее длительному пределу выносливости', 'Стат', 'Э', '-', '-'),
(25, 'ZPsPS.3-v', 'z83', 'Расчет коэффициента долговечности при контакте', 'Аналит', 'Э', ']', 'коэффициент долговечности при контакте'),
(26, 'ZPsPS.3-v', 'z74', 'Расчет межосевого расстояния при внешн. зацеплении', 'Аналит', 'Э', '/', 'вид зацепления'),
(27, 'ZPsPS.3-v', 'z75', 'Расчет межосевого расстояния при внутреннем зацеплении ', 'Аналит', 'Э', '/', 'вид зацепления'),
(28, 'ZPsPS.3-v', 'z55', 'Определение модуля расчетного', 'Алг', 'П', '[', 'модуль расчетный'),
(29, 'ZPsPS.3-v', 'z56', 'Расчет диаметра шестерни ', 'Аналит', 'Э', '-', '-'),
(30, 'ZPsPS.3-v', 'z57', 'Расчет числа зубьев у ведомого колеса ', 'Аналит', 'Э', ']', 'число зубьев у ведомого колеса'),
(31, 'ZPsPS.3-v', 'z63', 'Выбор коэффициента Kma в зависимости от вида зубьев', 'Аналит.', 'П', '?#', '?-вид зубьев\r\n# -коэффициент Kma\r\n'),
(32, 'ZPsPS.3-v', 'z64', 'Выбор параметра  YF1', 'Алг.', 'П', '[', 'параметр YF1'),
(33, 'ZPsPS.3-v', 'z65', 'Определение допускаемого напряжения при изгибе', 'Алг.', 'П', '[', ''),
(34, 'ZPsPS.3-v', 'z66', 'Расчет модуля в зависимости от вида зацепления', 'Аналит.', '?# ]', '[', '? вид зацепления,# модуль расчетный, ] модуль расчетный'),
(35, 'ZPsPS.3-v', 'z76', 'Выбор коэффициента Kma для прямых зубьев', 'Эмп..', 'Э', '/', 'вид зубьев'),
(36, 'ZPsPS.3-v', 'z77', 'Выбор коэффициента Kma для косых зубьев', 'Алг.', 'П', '/[', '/ -вид зубьев, [-коэффициент Kma'),
(37, 'ZPsPS.3-v', 'z78', 'Выбор коэффициента Kma для шевронных  зубьев', 'Эмп..', 'Э', '/', 'вид зубьев'),
(38, 'ZPsPS.3-v', 'z84', 'Выбор коэффициента осевого перекрытия', 'Эмп.', 'Э', '', ''),
(39, 'ZPsPS.3-v', 'z85', 'Выбор коэффициента Kma для косых зубьев в зависимости от  коэффициента осевого перекрытия ', 'Аналит.', 'П', '?# ]', '?-коэффициента осевого перекрытия, # -коэффициент Kma, ] -коэффициент Kma'),
(40, 'ZPsPS.3-v', 'z91', 'Выбор коэффициента Kma для косых зубьев для значения коэффициента осевого пере-крытия меньше или равно 1', 'Эмп.', 'Э', '/', '-коэффициента осевого перекрытия'),
(41, 'ZPsPS.3-v', 'z92', 'Выбор коэффициента Kma для косых зубьев для  значения коэффициента осевого перекрытия больше 1', 'Эмп.', 'Э', '/', '-коэффициента осевого перекрытия'),
(42, 'ZPsPS.3-v', 'z79', 'Определение числа зубьев ведущего колеса в зависимости от передаточного числа', 'Аналит.', 'П', '?# ', '? -передаточное число, # число зубьев ведущего колеса'),
(43, 'ZPsPS.3-v', 'z7.10', 'Определение эквивалентного числа зубьев ведущего колеса в зависимости от вида зубьев', 'Аналит.', 'П', '?# ', '? -передаточное число, # число зубьев ведущего колеса'),
(44, 'ZPsPS.3-v', 'z7.11', 'Определение параметра Yf1', 'Стат', 'Э', ']', 'параметр YF1'),
(45, 'ZPsPS.3-v', 'z86', 'Определение числа зубьев ведущего колеса значении передаточного числа меньше или равно 3', 'Эмп..', 'Э', '/', '-передаточное число'),
(46, 'ZPsPS.3-v', 'z87', 'Определение числа зубьев ведущего колеса при значении передаточного числа больше 3', 'Эмп..', 'Э', '/', '-передаточное число'),
(47, 'ZPsPS.3-v', 'z88', 'Определение эквивалентного числа зубьев ведущего колеса для прямых  зубьев', 'Аналит.', 'Э', '/', '-передаточное число'),
(48, 'ZPsPS.3-v', 'z89', 'Определение эквивалентного числа зубьев ведущего колеса для косых  зубьев', 'Аналит.', 'Э', '/', '-передаточное число'),
(49, 'ZPsPS.3-v', 'z7.12', 'Выбор допускаемого напряжения при изгибе, соответствующего базовому числу циклов перемены напряжения в зависимости от вида термообработки, материла и вида нагрузки', 'Стат', 'Э', '', ''),
(50, 'ZPsPS.3-v', 'z7.13', 'Определение коэффициента долговечности при изгибе', 'Алг.', 'П', '[', 'ПримечаниеПЗ1'),
(51, 'ZPsPS.3-v', 'z7.14', 'Расчет допускаемого напряжения при изгибе', 'Аналит.', '', ']', 'допускаемое напряжение при изгибе'),
(52, 'ZPsPS.3-v', 'z8.10', 'Определение параметра  mF в зависимости  от твердости поверхности зубьеве', 'Аналит.', 'П', '?#', '? твердость поверхности зубьев, # параметр mF'),
(53, 'ZPsPS.3-v', 'z8.11', 'Выбор NFO в зависимости от материала и вида термообработки', 'Стат', 'Э', '', ''),
(54, 'ZPsPS.3-v', 'z8.12', 'Расчет NFE при постоянной нагрузке', 'Аналит.', 'Э', '', ''),
(55, 'ZPsPS.3-v', 'z8.13', 'Расчет коэффициента долговечности при изгибеи', 'Аналит.', 'Э', ']', 'коэффициент долговечности при изгибе'),
(56, 'ZPsPS.3-v', 'z93', 'Выбор параметра  mF при твердости поверхности зубьев НВ<=350', 'Эмп.', 'Э', '/', 'твердость поверхности зубьев'),
(57, 'ZPsPS.3-v', 'z94', 'Выбор параметра  mF при твердости поверхности зубьев НВ > 350', 'Эмп.', 'Э', '/', 'твердость поверхности зубьев'),
(58, 'ZPsPS.3-v', 'z7.15', 'Расчет модуля при внешнем зацеплении', 'Аналит.', 'Э', '/', 'вид зацепления'),
(59, 'ZPsPS.3-v', 'z7.16', 'Расчет модуля при внутреннем зацеплении', 'Аналит.', 'Э', '/', 'вид зацепления');

-- --------------------------------------------------------

--
-- Table structure for table `tablef3c`
--

CREATE TABLE `tablef3c` (
  `idtablef3c` int(11) NOT NULL,
  `Кодструктуры` varchar(255) CHARACTER SET utf8 DEFAULT NULL,
  `КодПЗ1` varchar(255) CHARACTER SET utf8 DEFAULT NULL,
  `НаименованиеПЗ1` varchar(255) CHARACTER SET utf8 DEFAULT NULL,
  `Степеньформализации` varchar(255) CHARACTER SET utf8 DEFAULT NULL,
  `СтатусПЗ1` varchar(255) CHARACTER SET utf8 DEFAULT NULL,
  `СтруктурноеCвойствоПЗ1` varchar(255) CHARACTER SET utf8 DEFAULT NULL,
  `ПримечаниеПЗ1` varchar(255) CHARACTER SET utf8 DEFAULT NULL
) ENGINE=InnoDB DEFAULT CHARSET=utf8mb4;

--
-- Dumping data for table `tablef3c`
--

INSERT INTO `tablef3c` (`idtablef3c`, `Кодструктуры`, `КодПЗ1`, `НаименованиеПЗ1`, `Степеньформализации`, `СтатусПЗ1`, `СтруктурноеCвойствоПЗ1`, `ПримечаниеПЗ1`) VALUES
(1, 'Z8.11.3-c', 'z8.11', 'Выбор NFO в зависимости от материала и вида термообработки', 'Стат', 'Э', '-', '-'),
(2, 'Z82.3-c', 'z82', 'Выбор базового числа циклов перемены напряжения, соответствующее длительному пределу выносливости', 'Стат', 'Э', '-', '-'),
(3, 'Z7.12.3-c', 'z7.12', 'Выбор допускаемого напряжения при изгибе, соответствующего базовому числу циклов перемены напряжения в зависимости от вида термообработки, материла и вида нагрузки', 'Стат', 'Э', '-', '-'),
(4, 'Z7.11.3-c', 'z7.11', 'Определение параметра Yf1', 'Стат', 'Э', ']', 'параметр YF1'),
(5, 'Z71.3-c', 'z71', 'Выбор допускаемого контактного напряжения, соответствующего базовому числу циклов перемены напряжения в зависимости от вида термообработки, материла и вида нагрузки', 'Стат', 'Э', '-', '-'),
(6, 'Z53.3-c', 'z53', 'Выбор вспомогательного коэффициента, зависящего от материала колёс', 'Стат', 'Э', '-', '-'),
(7, 'Z51.3-c', 'z51', 'Выбор коэффициента, учитывающего распределение нагрузки по ширине венца ', 'Стат', 'Э', '-', '-'),
(8, 'Z41.3-c', 'z41', 'Определение передаточного числа ', 'Стат', 'Э', '-', '-');

-- --------------------------------------------------------

--
-- Table structure for table `tablef3link`
--

CREATE TABLE `tablef3link` (
  `idtablef3` int(11) NOT NULL,
  `КодПЗ1` varchar(255) CHARACTER SET utf8 COLLATE utf8_unicode_ci DEFAULT NULL,
  `НаименованиеПЗ` varchar(255) DEFAULT NULL,
  `Степеньформализации` varchar(255) DEFAULT NULL,
  `СтатусПЗ1` varchar(255) DEFAULT NULL,
  `СтруктурноеСвойствоПЗ1` varchar(255) DEFAULT NULL,
  `ПримечаниеПЗ1` varchar(255) DEFAULT NULL
) ENGINE=InnoDB DEFAULT CHARSET=utf8;

--
-- Dumping data for table `tablef3link`
--

INSERT INTO `tablef3link` (`idtablef3`, `КодПЗ1`, `НаименованиеПЗ`, `Степеньформализации`, `СтатусПЗ1`, `СтруктурноеСвойствоПЗ1`, `ПримечаниеПЗ1`) VALUES
(1, 'z11', 'Проектировочный расчет всех цилиндрических передач с прямыми зубьями ЦПсПЗ', 'Аналит', 'П', '{', ''),
(2, 'z21', 'Проектировочный расчет  i_й ЦПсПЗ', 'Алг', 'П', '!$[', '!количество передач'),
(3, 'z31', 'Фиксация передачи', 'Эмп', 'Э', '', ''),
(4, 'z32', 'Определение проектировоч-ных параметров для текущей передачи', 'Алг', 'П', '[', 'модуль стандартный'),
(5, 'z33', 'Определение проектировочных параметров для всех передач в зависимости от наличия передач', 'Аналит', 'П', ']?#', ']массив модулей стандартных'),
(6, 'z45', 'Определение проектировочных параметров для всех передач при  наличии передач  ', 'Аналит', 'П', ' /[', '/ количество передач'),
(7, 'z59', 'Переход к следующей передаче ', 'Аналит', 'Э', '', 'i=i+1'),
(8, 'z5_10', 'Определение проектировочных параметров для всех передач при  наличии передач для предыдущей  передачи', 'Аналит', 'Э', ']', 'массив модулей стандартных'),
(9, 'z46', 'Определение проектировочных параметров для всех передач при  наличии передач  ', 'Аналит', 'П', '/[', '/ количество передач'),
(10, 'z41', 'Определение передаточного числа ', 'Стат', 'Э', '', ''),
(11, 'z42', 'Определение межосевого расстояния ', 'Алг', 'П', '[', 'межосевое расстояние'),
(12, 'z43', 'Определение дополнительных параметров ', 'Алг', 'П', '[', 'число зубьев у ведомого колеса'),
(13, 'z44', 'Определение стандартного модуля ', 'Эмп', 'Э', ']', 'модуль стандартный'),
(14, 'z51', 'Выбор коэффициента, учитывающего распределение нагрузки по ширине венца ', 'Стат', 'Э', '', ''),
(15, 'z52', 'Расчет отношения ширины венца к межосевому расстоянию', '', 'Э', '', ''),
(16, 'z53', 'Выбор вспомогательного коэффициента, зависящего от материала колёс', 'Стат', 'Э', '', ''),
(17, 'z54', 'Расчет межосевого расстояния ', 'Алг', 'П', '] [', '] межосевое расстояние'),
(18, 'z61', 'Определение допускаемого контактного напряжения ', 'Алг', 'П', '[', 'допускаемое контактное напряжение'),
(19, 'z62', 'Расчет межосевого расстояния в зависимости от вида зацепления', 'Аналит', 'П', '?#]', '?-вид зацепления'),
(20, 'z71', 'Выбор допускаемого контактного напряжения, соответствующего базовому числу циклов перемены напряжения в зависимости от вида термообработки, материла и вида нагрузки', 'Стат', 'Э', '-', '-'),
(21, 'z72', 'Определение коэффициента долговечности при контакте', 'Алг', 'П', '[', 'коэффициент долговечности при контакте'),
(22, 'z73', 'Расчет допускаемого контактного напряжения ', 'Аналит', 'Э', ']', 'допускаемое контактное напряжение'),
(23, 'z81', 'Расчет эквивалентного числа циклов перемены напряжений при постоянной нагрузке', 'Аналит', 'Э', '-', '-'),
(24, 'z82', 'Выбор базового числа циклов перемены напряжения, соответствующее длительному пределу выносливости', 'Стат', 'Э', '-', '-'),
(25, 'z83', 'Расчет коэффициента долговечности при контакте', 'Аналит', 'Э', ']', 'коэффициент долговечности при контакте'),
(26, 'z74', 'Расчет межосевого расстояния при внешн. зацеплении', 'Аналит', 'Э', '/', 'вид зацепления'),
(27, 'z75', 'Расчет межосевого расстояния при внутреннем зацеплении ', 'Аналит', 'Э', '/', 'вид зацепления'),
(28, 'z55', 'Определение модуля расчетного', 'Алг', 'П', '[', 'модуль расчетный'),
(29, 'z56', 'Расчет диаметра шестерни ', 'Аналит', 'Э', '-', '-'),
(30, 'z57', 'Расчет числа зубьев у ведомого колеса ', 'Аналит', 'Э', ']', 'число зубьев у ведомого колеса'),
(31, 'z63', 'Выбор коэффициента Kma в зависимости от вида зубьев', 'Аналит.', 'П', '?#', '?-вид зубьев\r\n# -коэффициент Kma\r\n'),
(32, 'z64', 'Выбор параметра  YF1', 'Алг.', 'П', '[', 'параметр YF1'),
(33, 'z65', 'Определение допускаемого напряжения при изгибе', 'Алг.', 'П', '[', ''),
(34, 'z66', 'Расчет модуля в зависимости от вида зацепления', 'Аналит.', '?# ]', '[', '? вид зацепления,# модуль расчетный, ] модуль расчетный'),
(35, 'z76', 'Выбор коэффициента Kma для прямых зубьев', 'Эмп..', 'Э', '/', 'вид зубьев'),
(36, 'z77', 'Выбор коэффициента Kma для косых зубьев', 'Алг.', 'П', '/[', '/ -вид зубьев, [-коэффициент Kma'),
(37, 'z78', 'Выбор коэффициента Kma для шевронных  зубьев', 'Эмп..', 'Э', '/', 'вид зубьев'),
(38, 'z84', 'Выбор коэффициента осевого перекрытия', 'Эмп.', 'Э', '', ''),
(39, 'z85', 'Выбор коэффициента Kma для косых зубьев в зависимости от  коэффициента осевого перекрытия ', 'Аналит.', 'П', '?# ]', '?-коэффициента осевого перекрытия, # -коэффициент Kma, ] -коэффициент Kma'),
(40, 'z91', 'Выбор коэффициента Kma для косых зубьев для значения коэффициента осевого пере-крытия меньше или равно 1', 'Эмп.', 'Э', '/', '-коэффициента осевого перекрытия'),
(41, 'z92', 'Выбор коэффициента Kma для косых зубьев для  значения коэффициента осевого перекрытия больше 1', 'Эмп.', 'Э', '/', '-коэффициента осевого перекрытия'),
(42, 'z79', 'Определение числа зубьев ведущего колеса в зависимости от передаточного числа', 'Аналит.', 'П', '?# ', '? -передаточное число, # число зубьев ведущего колеса'),
(43, 'z7.10', 'Определение эквивалентного числа зубьев ведущего колеса в зависимости от вида зубьев', 'Аналит.', 'П', '?# ', '? -передаточное число, # число зубьев ведущего колеса'),
(44, 'z7.11', 'Определение параметра Yf1', 'Стат.', 'Э', ']', 'параметр YF1'),
(45, 'z86', 'Определение числа зубьев ведущего колеса значении передаточного числа меньше или равно 3', 'Эмп..', 'Э', '/', '-передаточное число'),
(46, 'z87', 'Определение числа зубьев ведущего колеса при значении передаточного числа больше 3', 'Эмп..', 'Э', '/', '-передаточное число'),
(47, 'z88', 'Определение эквивалентного числа зубьев ведущего колеса для прямых  зубьев', 'Аналит.', 'Э', '/', '-передаточное число'),
(48, 'z89', 'Определение эквивалентного числа зубьев ведущего колеса для косых  зубьев', 'Аналит.', 'Э', '/', '-передаточное число'),
(49, 'z7.12', 'Выбор допускаемого напряжения при изгибе, соответствующего базовому числу циклов перемены напряжения в зависимости от вида термообработки, материла и вида нагрузки', 'Стат.', 'Э', '', ''),
(50, 'z7.13', 'Определение коэффициента долговечности при изгибе', 'Алг.', 'П', '[', 'ПримечаниеПЗ1'),
(51, 'z7.14', 'Расчет допускаемого напряжения при изгибе', 'Аналит.', '', ']', 'допускаемое напряжение при изгибе'),
(52, 'z8.10', 'Определение параметра  mF в зависимости  от твердости поверхности зубьеве', 'Аналит.', 'П', '?#', '? твердость поверхности зубьев, # параметр mF'),
(53, 'z8.11', 'Выбор NFO в зависимости от материала и вида термообработки', 'Стат.', 'Э', '', ''),
(54, 'z8.12', 'Расчет NFE при постоянной нагрузке', 'Аналит.', 'Э', '', ''),
(55, 'z8.13', 'Расчет коэффициента долговечности при изгибеи', 'Аналит.', 'Э', ']', 'коэффициент долговечности при изгибе'),
(56, 'z93', 'Выбор параметра  mF при твердости поверхности зубьев НВ<=350', 'Эмп.', 'Э', '/', 'твердость поверхности зубьев'),
(57, 'z94', 'Выбор параметра  mF при твердости поверхности зубьев НВ > 350', 'Эмп.', 'Э', '/', 'твердость поверхности зубьев'),
(58, 'z7.15', 'Расчет модуля при внешнем зацеплении', 'Аналит.', 'Э', '/', 'вид зацепления'),
(59, 'z7.16', 'Расчет модуля при внутреннем зацеплении', 'Аналит.', 'Э', '/', 'вид зацепления');

-- --------------------------------------------------------

--
-- Table structure for table `tablef4`
--

CREATE TABLE `tablef4` (
  `idtablef4` int(11) NOT NULL,
  `Кодструктуры` varchar(45) DEFAULT NULL,
  `КодПЗ1_1` varchar(45) DEFAULT NULL,
  `КодПЗ1_2` varchar(45) DEFAULT NULL,
  `КодПЗ1_3` varchar(45) DEFAULT NULL,
  `ОценкаСвязиПЗ1` varchar(45) DEFAULT NULL,
  `ТипСвязиПЗ1` varchar(45) DEFAULT NULL,
  `КодСвязиПЗ1` varchar(45) DEFAULT NULL
) ENGINE=InnoDB DEFAULT CHARSET=utf8;

--
-- Dumping data for table `tablef4`
--

INSERT INTO `tablef4` (`idtablef4`, `Кодструктуры`, `КодПЗ1_1`, `КодПЗ1_2`, `КодПЗ1_3`, `ОценкаСвязиПЗ1`, `ТипСвязиПЗ1`, `КодСвязиПЗ1`) VALUES
(1, 'ZPsPS.3-v', 'z11', 'z21', '-', 'Цикл', 'К', 'z11z21-'),
(2, 'ZPsPS.3-v', 'z21', 'z31', 'z32', 'Посл', 'К', 'z21z31z32'),
(3, 'ZPsPS.3-v', 'z21', 'z32', 'z33', 'Посл', 'К', 'z21z32z33'),
(4, 'ZPsPS.3-v', 'z32', 'z41', 'z42', 'Посл', 'К', 'z32z41z42'),
(5, 'ZPsPS.3-v', 'z32', 'z42', 'z43', 'Посл', 'К', 'z32z42z43'),
(6, 'ZPsPS.3-v', 'z32', 'z43', 'z44', 'Посл', 'К', 'z32z43z44'),
(7, 'ZPsPS.3-v', 'z33', 'z45', 'z46', 'Пркл', 'К', 'z33z45z46'),
(8, 'ZPsPS.3-v', 'z42', 'z51', 'z52', 'Посл', 'К', 'z42z51z52'),
(9, 'ZPsPS.3-v', 'z42', 'z52', 'z53', 'Посл', 'К', 'z42z52z53'),
(10, 'ZPsPS.3-v', 'z42', 'z53', 'z54', 'Посл', 'К', 'z42z53z54');

-- --------------------------------------------------------

--
-- Table structure for table `tablef4c`
--

CREATE TABLE `tablef4c` (
  `idtablef4` int(11) NOT NULL,
  `Кодструктуры` varchar(45) CHARACTER SET utf8 DEFAULT NULL,
  `КодПЗ1_1` varchar(45) CHARACTER SET utf8 DEFAULT NULL,
  `КодПЗ1_2` varchar(45) CHARACTER SET utf8 DEFAULT NULL,
  `КодПЗ1_3` varchar(45) CHARACTER SET utf8 DEFAULT NULL,
  `ОценкаСвязиПЗ1` varchar(45) CHARACTER SET utf8 DEFAULT NULL,
  `ТипСвязиПЗ1` varchar(45) CHARACTER SET utf8 DEFAULT NULL,
  `КодСвязиПЗ1` varchar(45) CHARACTER SET utf8 DEFAULT NULL
) ENGINE=InnoDB DEFAULT CHARSET=utf8mb4;

--
-- Dumping data for table `tablef4c`
--

INSERT INTO `tablef4c` (`idtablef4`, `Кодструктуры`, `КодПЗ1_1`, `КодПЗ1_2`, `КодПЗ1_3`, `ОценкаСвязиПЗ1`, `ТипСвязиПЗ1`, `КодСвязиПЗ1`) VALUES
(1, 'Z8.11.3-с  ', 'z7.13', 'z8.10 ', 'z8.11', 'Посл ', 'К ', 'z7.13z8.10z8.11'),
(2, 'Z8.11.3-с', 'z7.13', 'z8.11', 'z8.12', 'Посл ', 'К ', 'z7.13z8.11z8.12'),
(3, 'Z8.11.3-с', 'z7.13', 'z8.11', '-', '1', 'C ', 'z7.13z8.11-');

-- --------------------------------------------------------

--
-- Table structure for table `tablef5`
--

CREATE TABLE `tablef5` (
  `id` int(11) NOT NULL,
  `КодКМ` varchar(45) NOT NULL,
  `КодСтатСтруктуры` varchar(45) CHARACTER SET utf8 NOT NULL,
  `КодДинСтруктуры` varchar(45) CHARACTER SET utf8 NOT NULL,
  `КодСтруктурыУвязки` varchar(45) CHARACTER SET utf8 NOT NULL
) ENGINE=InnoDB DEFAULT CHARSET=utf8mb4;

--
-- Dumping data for table `tablef5`
--

INSERT INTO `tablef5` (`id`, `КодКМ`, `КодСтатСтруктуры`, `КодДинСтруктуры`, `КодСтруктурыУвязки`) VALUES
(1, 'КМ_ЦПЗ', 'ZPsPS.1-v', 'ZPsPS.3-v', 'ZPsPS.5-v'),
(2, 'КМ-Z8.11', 'Z8.11.1-c', 'Z8.11.3-c', 'Z8.11.5-c'),
(3, 'КМ-Z82', 'Z82.1-c', 'Z82.3-c', 'Z82.5-c'),
(4, 'КМ-Z7.12', 'Z7.12.1-c', 'Z7.12.3-c', 'Z7.12.5-c'),
(5, 'КМ-Z7.11', 'Z7.11.1-c', 'Z7.11.3-c', 'Z7.11.5-c'),
(6, 'КМ-Z71', 'Z71.1-c', 'Z71.3-c', 'Z71.5-c'),
(7, 'КМ-Z53', 'Z53.1-c', 'Z53.3-c', 'Z53.5-c'),
(8, 'КМ-Z51', 'Z51.1-c', 'Z51.3-c', 'Z51.5-c'),
(9, 'КМ-Z41', 'Z41.1-c', 'Z41.3-c', 'Z41.5-c'),
(10, 'KM-Z8.11', 'Z8.11.1-c', 'Z8.11.1-c', 'Z8.11.1-c');

-- --------------------------------------------------------

--
-- Table structure for table `tablef6`
--

CREATE TABLE `tablef6` (
  `idtablef6` int(11) NOT NULL,
  `Кодструктуры` varchar(255) NOT NULL,
  `КодПЗ1` varchar(255) DEFAULT NULL,
  `СтруктурноеСвойствоПЗ1` varchar(255) DEFAULT NULL,
  `КодПК` varchar(255) DEFAULT NULL,
  `РольПК` varchar(255) DEFAULT NULL,
  `СтруктурноеСвойствоПК` varchar(255) DEFAULT NULL,
  `ОбъемноеСвойствоПК` varchar(255) DEFAULT NULL,
  `ОсобаяРольПК` varchar(255) DEFAULT NULL
) ENGINE=InnoDB DEFAULT CHARSET=utf8;

--
-- Dumping data for table `tablef6`
--

INSERT INTO `tablef6` (`idtablef6`, `Кодструктуры`, `КодПЗ1`, `СтруктурноеСвойствоПЗ1`, `КодПК`, `РольПК`, `СтруктурноеСвойствоПК`, `ОбъемноеСвойствоПК`, `ОсобаяРольПК`) VALUES
(1, 'ZPsPS.5-v', 'Z11', '{', 'R3.2', '-', '-', '-', 'ФЦ'),
(2, 'ZPsPS.5-v', 'Z21', '!', 'R3.1', '-', '-', '-', 'СЦ'),
(3, 'ZPsPS.5-v', 'Z21', '[', 'R3.2', '-', '-', '-', 'ФП'),
(4, 'ZPsPS.5-v', 'Z21', '$', 'R3.7', '-', '-', '-', 'ФИ'),
(5, 'ZPsPS.5-v', 'Z31', '-', 'R3.1', 'А-у', 'Е', 'моно', '-'),
(6, 'ZPsPS.5-v', 'Z31', '-', 'R1.2', 'Ф', 'Е', 'моно', '-'),
(7, 'ZPsPS.5-v', 'Z32', '-', 'R3.1', 'А-у', 'Е', 'моно', '-'),
(8, 'ZPsPS.5-v', 'Z32', '[', 'R3.7', '-', '-', '-', 'ФП'),
(9, 'ZPsPS.5-v', 'Z41', '-', 'R3.1', 'А-у', 'Е', 'моно', '-'),
(10, 'ZPsPS.5-v', 'Z41', '-', 'R1.2', 'А-у', 'К', 'моно', '-'),
(11, 'ZPsPS.5-v', 'Z41', '-', 'R3.5', 'Ф', 'К', 'моно', '-'),
(12, 'ZPsPS.5-v', 'Z42', '-', 'R3.1', 'А-у', 'Е', 'моно', '-'),
(13, 'ZPsPS.5-v', 'Z42', '[', 'R5.1', '-', '-', '-', 'ФП'),
(14, 'ZPsPS.5-v', 'Z51', '-', 'R3.1', 'А-у', 'Е', 'моно', '-'),
(15, 'ZPsPS.5-v', 'Z51', '-', 'R1.2', 'А-у', 'К1', 'моно', '-'),
(16, 'ZPsPS.5-v', 'Z51', '-', 'R3.9', 'А', 'К1', 'моно', '-'),
(17, 'ZPsPS.5-v', 'Z51', '-', 'R5.3', 'Ф', 'К1', 'моно', '-'),
(18, 'ZPsPS.5-v', 'Z51', '-', 'R7.6', 'А', 'К1', 'моно', '-'),
(19, 'ZPsPS.5-v', 'Z51', '-', 'R1.3', 'А-у', 'К2', 'моно', '-'),
(20, 'ZPsPS.5-v', 'Z51', '-', 'R5.9', 'А', 'К2', 'моно', '-'),
(21, 'ZPsPS.5-v', 'Z51', '-', 'R7.1', 'А', 'К2', 'моно', '-'),
(22, 'ZPsPS.5-v', 'Z52', '-', 'R3.1', 'А-у', 'Е', 'моно', '-'),
(23, 'ZPsPS.5-v', 'Z52', '-', 'R1.2', 'А-у', 'К1', 'моно', '-'),
(24, 'ZPsPS.5-v', 'Z52', '-', 'R3.5', 'А', 'К1', 'моно', '-'),
(25, 'ZPsPS.5-v', 'Z52', '-', 'R5.2', 'Ф', 'К1', 'моно', '-'),
(26, 'ZPsPS.5-v', 'Z52', '-', 'R1.3', 'А-у', 'К2', 'моно', '-'),
(27, 'ZPsPS.5-v', 'Z52', '-', 'R5.9', 'А', 'К2', 'моно', '-'),
(28, 'ZPsPS.5-v', 'Z53', '-', 'R3.1', 'А-у', 'Е', 'моно', '-'),
(29, 'ZPsPS.5-v', 'Z53', '-', 'R1.2', 'А-у', 'К', 'моно', '-'),
(30, 'ZPsPS.5-v', 'Z53', '-', 'R3.4', 'А', 'К', 'моно', '-'),
(31, 'ZPsPS.5-v', 'Z53', '-', 'R7.5', 'А', 'К', 'моно', '-'),
(32, 'ZPsPS.5-v', 'Z53', '-', 'R5.5', 'Ф', 'К', 'моно', '-'),
(33, 'ZPsPS.5-v', 'Z54', '-', 'R3.1', 'А-у', 'Е', 'моно', '-'),
(34, 'ZPsPS.5-v', 'Z54', '[', 'R5.1', '-', '-', '-', 'ФП'),
(35, 'ZPsPS.5-v', 'Z54', ']', 'R5.1', '-', '-', '-', 'ФП'),
(36, 'ZPsPS.5-v', 'Z61', '-', 'R3.1', 'А-у', 'Е', 'моно', '-'),
(37, 'ZPsPS.5-v', 'Z61', '[', 'R9.2', '-', '-', '-', 'ФП'),
(38, 'ZPsPS.5-v', 'Z71', '-', 'R3.1', 'А-у', 'Е', 'моно', '-'),
(39, 'ZPsPS.5-v', 'Z71', '-', 'R1.2', 'А-у', 'К1', 'моно', '-'),
(40, 'ZPsPS.5-v', 'Z71', '-', 'R4.1', 'А', 'К1', 'моно', '-'),
(41, 'ZPsPS.5-v', 'Z71', '-', 'R1.3', 'К1', 'К2', 'моно', '-'),
(42, 'ZPsPS.5-v', 'Z71', '-', 'R7.1', 'А', 'К2', 'моно', '-'),
(43, 'ZPsPS.5-v', 'Z71', '-', 'R7.2', 'А', 'К2', 'моно', '-'),
(44, 'ZPsPS.5-v', 'Z71', '-', 'R7.3', 'А', 'К2', 'моно', '-'),
(45, 'ZPsPS.5-v', 'Z71', '-', 'R7.4', 'А', 'К2', 'моно', '-'),
(46, 'ZPsPS.5-v', 'Z71', '-', 'R9.1', 'Ф', 'К2', 'моно', '-'),
(47, 'ZPsPS.5-v', 'Z72', '-', 'R3.1', 'А-у', 'Е', 'моно', '-'),
(48, 'ZPsPS.5-v', 'Z72', '[', 'R6.6', '-', '-', '-', 'ФП'),
(49, 'ZPsPS.5-v', 'Z81', '-', 'R3.1', 'А-у', 'Е', 'моно', '-'),
(50, 'ZPsPS.5-v', 'Z81', '-', 'R1.2', 'А-у', 'К1', 'моно', '-'),
(51, 'ZPsPS.5-v', 'Z81', '-', 'R4.2', 'А', 'К1', 'моно', '-'),
(52, 'ZPsPS.5-v', 'Z81', '-', 'R6.1', 'А', 'К1', 'моно', '-'),
(53, 'ZPsPS.5-v', 'Z81', '-', 'R6.4', 'Ф', 'К1', 'моно', '-'),
(54, 'ZPsPS.5-v', 'Z81', '-', 'R1.3', 'А-у', 'К2', 'моно', '-'),
(55, 'ZPsPS.5-v', 'Z81', '-', 'R8.1', 'А', 'К2', 'моно', '-'),
(56, 'ZPsPS.5-v', 'Z82', '-', 'R3.1', 'А-у', 'Е', 'моно', '-'),
(57, 'ZPsPS.5-v', 'Z82', '-', 'R1.2', 'А-у', 'К1', 'моно', '-'),
(58, 'ZPsPS.5-v', 'Z82', '-', 'R6.2', 'Ф', 'К1', 'моно', '-'),
(59, 'ZPsPS.5-v', 'Z82', '-', 'R1.3', 'А-у', 'К2', 'моно', '-'),
(60, 'ZPsPS.5-v', 'Z82', '-', 'R7.1', 'А', 'К2', 'моно', '-'),
(61, 'ZPsPS.5-v', 'Z82', '-', 'R7.2', 'А', 'К2', 'моно', '-'),
(62, 'ZPsPS.5-v', 'Z82', '-', 'R7.3', 'А', 'К2', 'моно', '-'),
(63, 'ZPsPS.5-v', 'Z82', '-', 'R7.4', 'А', 'К2', 'моно', '-'),
(64, 'ZPsPS.5-v', 'Z83', '-', 'R3.1', 'А-у', 'Е', 'моно', '-'),
(65, 'ZPsPS.5-v', 'Z83', '-', 'R1.2', 'А-у', 'К', 'моно', '-'),
(66, 'ZPsPS.5-v', 'Z83', '-', 'R6.2', 'А', 'К', 'моно', '-'),
(67, 'ZPsPS.5-v', 'Z83', '-', 'R6.4', 'А', 'К', 'моно', '-'),
(68, 'ZPsPS.5-v', 'Z83', ']', 'R6.6', 'Ф', 'К', 'моно', 'ФП'),
(69, 'ZPsPS.5-v', 'Z73', '-', 'R3.1', 'А-у', 'Е', 'моно', '-'),
(70, 'ZPsPS.5-v', 'Z73', '-', 'R1.2', 'А-у', 'К1', 'моно', '-'),
(71, 'ZPsPS.5-v', 'Z73', '-', 'R6.6', 'А', 'К1', 'моно', '-'),
(72, 'ZPsPS.5-v', 'Z73', '-', 'R9.1', 'А', 'К2', 'моно', '-'),
(73, 'ZPsPS.5-v', 'Z73', ']', 'R9.2', 'Ф', 'К2', 'моно', 'ФП'),
(74, 'ZPsPS.5-v', 'Z73', '-', 'R1.3', 'А-у', 'К2', 'моно', '-'),
(75, 'ZPsPS.5-v', 'Z62', '-', 'R3.1', 'А-у', 'Е', 'моно', NULL),
(76, 'ZPsPS.5-v', 'Z62', '?', 'R3.8', '-', '-', '-', 'АА'),
(77, 'ZPsPS.5-v', 'Z62', ']', 'R5.1', '-', '-', '-', 'ФП'),
(78, 'ZPsPS.5-v', 'Z62', '-', 'R5.1', '-', '-', '-', 'ФА'),
(79, 'ZPsPS.5-v', 'Z74', '-', 'R3.1', 'А-у', 'Е', 'моно', '-'),
(80, 'ZPsPS.5-v', 'Z74', '-', 'R1.2', 'А-у', 'К1', 'моно', '-'),
(81, 'ZPsPS.5-v', 'Z74', '-', 'R3.5', 'А', 'К1', 'моно', '-'),
(82, 'ZPsPS.5-v', 'Z74', '/', 'R3.8', 'А-у', 'К1', 'моно', '-'),
(83, 'ZPsPS.5-v', 'Z74', '-', 'R5.1', 'Ф', 'К1', 'моно', '-'),
(84, 'ZPsPS.5-v', 'Z74', '-', 'R5.2', 'А', 'К1', 'моно', '-'),
(85, 'ZPsPS.5-v', 'Z74', '-', 'R5.3', 'А', 'К1', 'моно', '-'),
(86, 'ZPsPS.5-v', 'Z74', '-', 'R5.5', 'А', 'К1', 'моно', '-'),
(87, 'ZPsPS.5-v', 'Z74', '-', 'R1.3', 'А-у', 'К2', 'моно', '-'),
(88, 'ZPsPS.5-v', 'Z74', '-', 'R9.2', 'А', 'К2', 'моно', '-'),
(89, 'ZPsPS.5-v', 'Z74', '-', 'R9.5', 'А', 'К2', 'моно', '-'),
(90, 'ZPsPS.5-v', 'Z75', '-', 'R3.1', 'А-у', 'Е', 'моно', '-'),
(91, 'ZPsPS.5-v', 'Z75', '-', 'R1.2', 'А-у', 'К1', 'моно', '-'),
(92, 'ZPsPS.5-v', 'Z75', '-', 'R3.5', 'А', 'К1', 'моно', '-'),
(93, 'ZPsPS.5-v', 'Z75', '/', 'R3.8', 'А-у', 'К1', 'моно', 'АА'),
(94, 'ZPsPS.5-v', 'Z75', '-', 'R5.1', 'Ф', 'К1', 'моно', '-'),
(95, 'ZPsPS.5-v', 'Z75', '-', 'R5.2', 'А', 'К1', 'моно', '-'),
(96, 'ZPsPS.5-v', 'Z75', '-', 'R5.3', 'А', 'К1', 'моно', '-'),
(97, 'ZPsPS.5-v', 'Z75', '-', 'R5.5', 'А', 'К1', 'моно', '-'),
(98, 'ZPsPS.5-v', 'Z75', '-', 'R1.3', 'А-у', 'К2', 'моно', '-'),
(99, 'ZPsPS.5-v', 'Z75', '-', 'R9.2', 'А', 'К2', 'моно', '-'),
(100, 'ZPsPS.5-v', 'Z75', '-', 'R9.5', 'А', 'К2', 'моно', '-'),
(101, 'ZPsPS.5-v', 'Z43', '-', 'R3.1', 'А-у', 'Е', 'моно', '-'),
(102, 'ZPsPS.5-v', 'Z43', '[', 'R3.15', '-', '-', '-', 'ФП'),
(103, 'ZPsPS.5-v', 'Z55', '-', 'R3.1', 'А-у', 'Е', 'моно', '-'),
(104, 'ZPsPS.5-v', 'Z55', '[', 'R3.6', '-', '-', '-', 'ФП'),
(105, 'ZPsPS.5-v', 'Z63', '-', 'R3.1', 'А-у', 'Е', 'моно', '-'),
(106, 'ZPsPS.5-v', 'Z63', '?', 'R3.4', '-', '-', '-', 'АА'),
(107, 'ZPsPS.5-v', 'Z63', '#', 'R3.11', '-', '-', '-', 'ФА'),
(108, 'ZPsPS.5-v', 'Z76', '-', 'R3.1', 'А-у', 'Е', 'моно', '-'),
(109, 'ZPsPS.5-v', 'Z76', '-', 'R1.2', 'А-у', 'К', 'моно', '-'),
(110, 'ZPsPS.5-v', 'Z76', '/', 'R3.4', 'А-у', 'К', 'моно', 'АА'),
(111, 'ZPsPS.5-v', 'Z76', '-', 'R3.11', 'Ф', 'К', 'моно', '-'),
(112, 'ZPsPS.5-v', 'Z77', '-', 'R3.1', 'А-у', 'Е', 'моно', '-'),
(113, 'ZPsPS.5-v', 'Z77', '-', 'R1.2', 'А-у', 'К', 'моно', '-'),
(114, 'ZPsPS.5-v', 'Z77', '/', 'R3.4', 'А-у', 'К', 'моно', 'АА'),
(115, 'ZPsPS.5-v', 'Z77', '[', 'R3.11', '-', '-', '-', 'ФП'),
(116, 'ZPsPS.5-v', 'Z84', '-', 'R3.1', 'А-у', 'Е', 'моно', '-'),
(117, 'ZPsPS.5-v', 'Z84', '-', 'R1.2', 'А-у', 'К', 'моно', '-'),
(118, 'ZPsPS.5-v', 'Z84', '-', 'R3.14', 'Ф', 'К', 'моно', '-'),
(119, 'ZPsPS.5-v', 'Z85', '-', 'R3.1', 'А-у', 'Е', 'моно', '-'),
(120, 'ZPsPS.5-v', 'Z85', '?', 'R3.14', '-', '-', '-', 'АА'),
(121, 'ZPsPS.5-v', 'Z85', '#', 'R3.11', '-', '-', '-', 'ФА'),
(122, 'ZPsPS.5-v', 'Z85', ']', 'R3.11', '-', '-', '-', 'ФП'),
(123, 'ZPsPS.5-v', 'Z91', '-', 'R3.1', 'А-у', 'Е', 'моно', '-'),
(124, 'ZPsPS.5-v', 'Z91', '-', 'R1.2', 'А-у', 'К', 'моно', '-'),
(125, 'ZPsPS.5-v', 'Z91', '-', 'R3.11', 'Ф', 'К', 'моно', '-'),
(126, 'ZPsPS.5-v', 'Z91', '/', 'R3.14', 'А-у', 'К', 'моно', 'АА'),
(127, 'ZPsPS.5-v', 'Z92', '-', 'R3.1', 'А-у', 'Е', 'моно', '-'),
(128, 'ZPsPS.5-v', 'Z92', '-', 'R1.2', 'А-у', 'К', 'моно', '-'),
(129, 'ZPsPS.5-v', 'Z92', '-', 'R3.11', 'Ф', 'К', 'моно', '-'),
(130, 'ZPsPS.5-v', 'Z92', '/', 'R3.14', 'А-у', 'К', 'моно', 'АА'),
(131, 'ZPsPS.5-v', 'Z78', '-', 'R3.1', 'А-у', 'Е', 'моно', '-'),
(132, 'ZPsPS.5-v', 'Z78', '-', 'R1.2', 'А-у', 'К', 'моно', '-'),
(133, 'ZPsPS.5-v', 'Z78', '/', 'R3.4', 'А-у', 'К', 'моно', 'АА'),
(134, 'ZPsPS.5-v', 'Z78', '-', 'R3.11', 'Ф', 'К', 'моно', '-'),
(135, 'ZPsPS.5-v', 'Z64', '-', 'R3.1', 'А-у', 'Е', 'моно', '-'),
(136, 'ZPsPS.5-v', 'Z64', '[', 'R3.10', '-', '-', '-', 'ФП'),
(137, 'ZPsPS.5-v', 'Z79', '-', 'R3.1', 'А-у', 'Е', 'моно', '-'),
(138, 'ZPsPS.5-v', 'Z79', '?', 'R3.5', '-', '-', '-', 'АА'),
(139, 'ZPsPS.5-v', 'Z79', '#', 'R3.12', '-', '-', '-', 'ФА'),
(140, 'ZPsPS.5-v', 'Z86', '-', 'R3.1', 'А-у', 'Е', 'моно', '-'),
(141, 'ZPsPS.5-v', 'Z86', '-', 'R1.2', 'А-у', 'К1', 'моно', '-'),
(142, 'ZPsPS.5-v', 'Z86', '/', 'R3.5', 'А-у', 'К1', 'моно', 'АА'),
(143, 'ZPsPS.5-v', 'Z86', '-', 'R1.3', 'А-у', 'К2', 'моно', '-'),
(144, 'ZPsPS.5-v', 'Z86', '-', 'R3.12', 'Ф', 'К2', 'моно', '-'),
(145, 'ZPsPS.5-v', 'Z87', '-', 'R3.1', 'А-у', 'Е', 'моно', '-'),
(146, 'ZPsPS.5-v', 'Z87', '-', 'R1.2', 'А-у', 'К1', 'моно', '-'),
(147, 'ZPsPS.5-v', 'Z87', '/', 'R3.5', 'А-у', 'К1', 'моно', 'АА'),
(148, 'ZPsPS.5-v', 'Z87', '-', 'R1.3', 'А-у', 'К2', 'моно', '-'),
(149, 'ZPsPS.5-v', 'Z87', '-', 'R3.12', 'Ф', 'К2', 'моно', '-'),
(150, 'ZPsPS.5-v', 'Z7.10', '-', 'R3.1', 'А-у', 'Е', 'моно', '-'),
(151, 'ZPsPS.5-v', 'Z7.10', '?', 'R3.4', '-', '-', '-', 'АА'),
(152, 'ZPsPS.5-v', 'Z7.10', '#', 'R3.13', '-', '-', '-', 'ФА'),
(153, 'ZPsPS.5-v', 'Z88', '-', 'R3.1', 'А-у', 'Е', 'моно', '-'),
(154, 'ZPsPS.5-v', 'Z88', '-', 'R1.2', 'А-у', 'К1', 'моно', '-'),
(155, 'ZPsPS.5-v', 'Z88', '/', 'R3.4', 'А-у', 'К1', 'моно', 'АА'),
(156, 'ZPsPS.5-v', 'Z88', '-', 'R1.3', 'А-у', 'К2', 'моно', '-'),
(157, 'ZPsPS.5-v', 'Z88', '-', 'R3.12', 'А', 'К2', 'моно', '-'),
(158, 'ZPsPS.5-v', 'Z88', '-', 'R3.13', 'Ф', 'К2', 'моно', '-'),
(159, 'ZPsPS.5-v', 'Z88', '-', 'R5.8', 'А', 'К2', 'моно', '-'),
(160, 'ZPsPS.5-v', 'Z89', '-', 'R3.1', 'А-у', 'Е', 'моно', '-'),
(161, 'ZPsPS.5-v', 'Z89', '-', 'R1.2', 'А-у', 'К1', 'моно', '-'),
(162, 'ZPsPS.5-v', 'Z89', '/', 'R3.4', 'А-у', 'К1', 'моно', 'АА'),
(163, 'ZPsPS.5-v', 'Z89', '-', 'R1.3', 'А-у', 'К2', 'моно', '-'),
(164, 'ZPsPS.5-v', 'Z89', '-', 'R3.12', 'А', 'К2', 'моно', '-'),
(165, 'ZPsPS.5-v', 'Z89', '-', 'R3.13', 'Ф', 'К2', 'моно', '-'),
(166, 'ZPsPS.5-v', 'Z89', '-', 'R5.8', 'А', 'К2', 'моно', '-'),
(167, 'ZPsPS.5-v', 'Z7.11', '-', 'R3.1', 'А-у', 'Е', 'моно', '-'),
(168, 'ZPsPS.5-v', 'Z7.11', '-', 'R1.2', 'А-у', 'К1', 'моно', '-'),
(169, 'ZPsPS.5-v', 'Z7.11', '-', 'R5.10', 'А', 'К1', 'моно', '-'),
(170, 'ZPsPS.5-v', 'Z7.11', ']', 'R3.10', 'Ф', 'К1', 'моно', 'ФП'),
(171, 'ZPsPS.5-v', 'Z7.11', '-', 'R1.3', 'А-у', 'К2', 'моно', '-'),
(172, 'ZPsPS.5-v', 'Z7.11', '-', 'R3.13', 'А', 'К2', 'моно', '-'),
(173, 'ZPsPS.5-v', 'Z65', '-', 'R3.1', 'А-у', 'Е', 'моно', '-'),
(174, 'ZPsPS.5-v', 'Z65', '[', 'R9.4', '-', '-', '-', 'ФП'),
(175, 'ZPsPS.5-v', 'Z7.12', '-', 'R3.1', 'А-у', 'Е', 'моно', '-'),
(176, 'ZPsPS.5-v', 'Z7.12', '-', 'R1.3', 'А-у', 'К', 'моно', '-'),
(177, 'ZPsPS.5-v', 'Z7.12', '-', 'R9.3', 'Ф', 'К', 'моно', '-'),
(178, 'ZPsPS.5-v', 'Z7.13', '-', 'R3.1', 'А-у', 'Е', 'моно', '-'),
(179, 'ZPsPS.5-v', 'Z7.13', '[', 'R6.7', '-', '-', '-', 'ФП'),
(180, 'ZPsPS.5-v', 'Z8.10', '-', 'R3.1', 'А-у', 'Е', 'моно', '-'),
(181, 'ZPsPS.5-v', 'Z8.10', '?', 'R7.1', '-', '-', '-', 'АА'),
(182, 'ZPsPS.5-v', 'Z8.10', '#', 'R6.8', '-', '-', '-', 'ФА'),
(183, 'ZPsPS.5-v', 'Z93', '-', 'R3.1', 'А-у', 'Е', 'моно', '-'),
(184, 'ZPsPS.5-v', 'Z93', '-', 'R1.2', 'А-у', 'К1', 'моно', '-'),
(185, 'ZPsPS.5-v', 'Z93', '-', 'R1.3', 'А-у', 'К2', 'моно', '-'),
(186, 'ZPsPS.5-v', 'Z93', '/', 'R7.1', 'А-у', 'К2', 'моно', 'АА'),
(187, 'ZPsPS.5-v', 'Z93', '-', 'R6.8', 'Ф', 'К1', 'моно', '-'),
(188, 'ZPsPS.5-v', 'Z94', '-', 'R3.1', 'А-у', 'Е', 'моно', '-'),
(189, 'ZPsPS.5-v', 'Z94', '-', 'R1.2', 'А-у', 'К1', 'моно', '-'),
(190, 'ZPsPS.5-v', 'Z94', '-', 'R1.3', 'А-у', 'К2', 'моно', '-'),
(191, 'ZPsPS.5-v', 'Z94', '/', 'R7.1', 'А-у', 'К2', 'моно', 'АА'),
(192, 'ZPsPS.5-v', 'Z94', '-', 'R6.8', 'Ф', 'К1', 'моно', '-'),
(193, 'ZPsPS.5-v', 'Z8.11', '-', 'R3.1', 'А-у', 'Е', 'моно', '-'),
(194, 'ZPsPS.5-v', 'Z8.11', '-', 'R1.2', 'А-у', 'К1', 'моно', '-'),
(195, 'ZPsPS.5-v', 'Z8.11', '-', 'R4.2', 'А', 'К1', 'моно', '-'),
(196, 'ZPsPS.5-v', 'Z8.11', '-', 'R6.1', 'А', 'К1', 'моно', '-'),
(197, 'ZPsPS.5-v', 'Z8.11', '-', 'R6.5', 'Ф', 'К1', 'моно', '-'),
(198, 'ZPsPS.5-v', 'Z8.11', '-', 'R1.3', 'А-у', 'К2', 'моно', '-'),
(199, 'ZPsPS.5-v', 'Z8.11', '-', 'R8.1', 'А', 'К2', 'моно', '-'),
(200, 'ZPsPS.5-v', 'Z8.12', '-', 'R3.1', 'А-у', 'Е', 'моно', '-'),
(201, 'ZPsPS.5-v', 'Z8.12', '-', 'R1.2', 'А-у', 'К1', 'моно', '-'),
(202, 'ZPsPS.5-v', 'Z8.12', '-', 'R6.3', 'Ф', 'К1', 'моно', '-'),
(203, 'ZPsPS.5-v', 'Z8.12', '-', 'R1.3', 'А-у', 'К2', 'моно', '-'),
(204, 'ZPsPS.5-v', 'Z8.12', '-', 'R7.1', 'А', 'К2', 'моно', '-'),
(205, 'ZPsPS.5-v', 'Z8.12', '-', 'R7.2', 'А', 'К2', 'моно', '-'),
(206, 'ZPsPS.5-v', 'Z8.12', '-', 'R7.3', 'А', 'К2', 'моно', '-'),
(207, 'ZPsPS.5-v', 'Z8.12', '-', 'R7.4', 'А', 'К2', 'моно', '-'),
(208, 'ZPsPS.5-v', 'Z8.13', '-', 'R3.1', 'А-у', 'Е', 'моно', '-'),
(209, 'ZPsPS.5-v', 'Z8.13', '-', 'R1.2', 'А-у', 'К', 'моно', '-'),
(210, 'ZPsPS.5-v', 'Z8.13', '-', 'R6.3', 'А', 'К', 'моно', '-'),
(211, 'ZPsPS.5-v', 'Z8.13', '-', 'R6.8', 'А', 'К', 'моно', '-'),
(212, 'ZPsPS.5-v', 'Z8.13', '-', 'R6.5', 'А', 'К', 'моно', '-'),
(213, 'ZPsPS.5-v', 'Z8.13', ']', 'R6.7', 'Ф', 'К', 'моно', 'ФП'),
(214, 'ZPsPS.5-v', 'Z7.14', '-', 'R3.1', 'А-у', 'Е', 'моно', '-'),
(215, 'ZPsPS.5-v', 'Z7.14', '-', 'R1.2', 'А-у', 'К1', 'моно', '-'),
(216, 'ZPsPS.5-v', 'Z7.14', '-', 'R6.7', 'А', 'К1', 'моно', '-'),
(217, 'ZPsPS.5-v', 'Z7.14', '-', 'R1.3', 'А-у', 'К2', 'моно', '-'),
(218, 'ZPsPS.5-v', 'Z7.14', '-', 'R9.3', 'А', 'К2', 'моно', '-'),
(219, 'ZPsPS.5-v', 'Z7.14', ']', 'R9.4', 'Ф', 'К2', 'моно', 'ФП'),
(220, 'ZPsPS.5-v', 'Z66', '-', 'R3.1', 'А-у', 'Е', 'моно', NULL),
(221, 'ZPsPS.5-v', 'Z66', '#', 'R3.6', '-', '-', '-', 'ФА'),
(222, 'ZPsPS.5-v', 'Z66', ']', 'R3.6', '-', '-', '-', 'ФП'),
(223, 'ZPsPS.5-v', 'Z66', '?', 'R3.8', '-', '-', '-', 'АА'),
(224, 'ZPsPS.5-v', 'Z7.15', '-', 'R3.1', 'А-у', 'Е', 'моно', '-'),
(225, 'ZPsPS.5-v', 'Z7.15', '-', 'R1.2', 'А-у', 'К1', 'моно', '-'),
(226, 'ZPsPS.5-v', 'Z7.15', '-', 'R3.5', 'А', 'К1', 'моно', '-'),
(227, 'ZPsPS.5-v', 'Z7.15', '-', 'R3.6', 'Ф', 'К1', 'моно', '-'),
(228, 'ZPsPS.5-v', 'Z7.15', '/', 'R3.8', 'А-у', 'К1', 'моно', 'АА'),
(229, 'ZPsPS.5-v', 'Z7.15', '-', 'R3.10', 'А', 'К1', 'моно', '-'),
(230, 'ZPsPS.5-v', 'Z7.15', '-', 'R5.1', 'А', 'К1', 'моно', '-'),
(231, 'ZPsPS.5-v', 'Z7.15', '-', 'R3.11', 'А', 'К1', 'моно', '-'),
(232, 'ZPsPS.5-v', 'Z7.15', '-', 'R1.3', 'А-у', 'К2', 'моно', '-'),
(233, 'ZPsPS.5-v', 'Z7.15', '-', 'R5.7', 'А', 'К2', 'моно', '-'),
(234, 'ZPsPS.5-v', 'Z7.15', '-', 'R9.4', 'А', 'К2', 'моно', '-'),
(235, 'ZPsPS.5-v', 'Z7.15', '-', 'R9.4', 'А', 'К2', 'моно', '-'),
(236, 'ZPsPS.5-v', 'Z7.16', '-', 'R3.1', 'А-у', 'Е', 'моно', '-'),
(237, 'ZPsPS.5-v', 'Z7.16', '-', 'R1.2', 'А-у', 'К1', 'моно', '-'),
(238, 'ZPsPS.5-v', 'Z7.16', '-', 'R3.5', 'А', 'К1', 'моно', '-'),
(239, 'ZPsPS.5-v', 'Z7.16', '-', 'R3.6', 'Ф', 'К1', 'моно', '-'),
(240, 'ZPsPS.5-v', 'Z7.16', '/', 'R3.8', 'А-у', 'К1', 'моно', 'АА'),
(241, 'ZPsPS.5-v', 'Z7.16', '-', 'R3.10', 'А', 'К1', 'моно', '-'),
(242, 'ZPsPS.5-v', 'Z7.16', '-', 'R5.1', 'А', 'К1', 'моно', '-'),
(243, 'ZPsPS.5-v', 'Z7.16', '-', 'R3.11', 'А', 'К1', 'моно', '-'),
(244, 'ZPsPS.5-v', 'Z7.16', '-', 'R1.3', 'А-у', 'К2', 'моно', '-'),
(245, 'ZPsPS.5-v', 'Z7.16', '-', 'R5.7', 'А', 'К2', 'моно', '-'),
(246, 'ZPsPS.5-v', 'Z7.16', '-', 'R9.4', 'А', 'К2', 'моно', '-'),
(247, 'ZPsPS.5-v', 'Z7.16', '-', 'R9.5', 'А', 'К2', 'моно', '-'),
(248, 'ZPsPS.5-v', 'Z56', '-', 'R3.1', 'А-у', 'Е', 'моно', '-'),
(249, 'ZPsPS.5-v', 'Z56', '-', 'R1.3', 'А-у', 'К', 'моно', '-'),
(250, 'ZPsPS.5-v', 'Z56', '-', 'R5.6', 'Ф', 'К', 'моно', '-'),
(251, 'ZPsPS.5-v', 'Z57', '-', 'R3.1', 'А-у', 'Е', 'моно', '-'),
(252, 'ZPsPS.5-v', 'Z57', '-', 'R1.3', 'А-у', 'К', 'моно', '-'),
(253, 'ZPsPS.5-v', 'Z57', '-', 'R3.12', 'А', 'К', 'моно', '-'),
(254, 'ZPsPS.5-v', 'Z57', '-', 'R4.3', 'А-у', 'К', 'моно', '-'),
(255, 'ZPsPS.5-v', 'Z57', ']', 'R3.15', 'Ф', 'К', 'моно', 'ФП'),
(256, 'ZPsPS.5-v', 'Z44', '-', 'R3.1', 'А-у', 'Е', 'моно', '-'),
(257, 'ZPsPS.5-v', 'Z44', '-', 'R1.2', 'А-у', 'К', 'моно', '-'),
(258, 'ZPsPS.5-v', 'Z44', '-', 'R3.6', 'А', 'К', 'моно', '-'),
(259, 'ZPsPS.5-v', 'Z44', ']', 'R3.7', 'Ф', 'К', 'моно', 'ФП'),
(260, 'ZPsPS.5-v', 'Z33', '?', 'R3.1', '-', '-', '-', 'АА'),
(261, 'ZPsPS.5-v', 'Z33', '#', 'R3.2', '-', '-', '-', 'ФА'),
(262, 'ZPsPS.5-v', 'Z33', ']', 'R3.2', '-', '-', '-', 'ФП'),
(263, 'ZPsPS.5-v', 'Z45', '/', 'R3.1', 'А-у', 'Е', 'моно', 'АА'),
(264, 'ZPsPS.5-v', 'Z45', '[', 'R3.2', '-', '-', '-', 'ФП'),
(265, 'ZPsPS.5-v', 'Z59', '-', 'R3.1', 'А-у', 'Е', 'моно', '-'),
(266, 'ZPsPS.5-v', 'Z59', '-', 'R3.1', 'Ф', 'Е', 'моно', '-'),
(267, 'ZPsPS.5-v', 'Z5.10', '-', 'R3.1', 'А-у', 'К1', 'моно', '-'),
(268, 'ZPsPS.5-v', 'Z5.10', ']', 'R3.2', 'Ф', 'К1', 'мульти', 'ФП'),
(269, 'ZPsPS.5-v', 'Z5.10', '-', 'R1.2', 'А-у', 'К2', 'моно', '-'),
(270, 'ZPsPS.5-v', 'Z5.10', '-', 'R3.7', 'А', 'К2', 'моно', '-'),
(271, 'ZPsPS.5-v', 'Z46', '/', 'R3.1', 'А-у', 'К1', 'моно', 'АА'),
(272, 'ZPsPS.5-v', 'Z46', '}', 'R3.2', 'Ф', 'К1', 'мульти', 'ФЦ'),
(273, 'ZPsPS.5-v', 'Z46', '-', 'R1.2', 'А-у', 'К2', 'моно', '-'),
(274, 'ZPsPS.5-v', 'Z46', '-', 'R3.7', 'А', 'К2', 'моно', '-'),
(276, 'ZPsPS.5-v', 'trhtrh', 'rg', 'rggr', 'rg', 'rgrg', 'rr', 'ees');

-- --------------------------------------------------------

--
-- Table structure for table `tablef6c`
--

CREATE TABLE `tablef6c` (
  `idtablef6с` int(11) NOT NULL,
  `Кодструктуры` varchar(255) NOT NULL,
  `КодПЗ1` varchar(255) DEFAULT NULL,
  `СтруктурноеСвойствоПЗ1` varchar(255) DEFAULT NULL,
  `КодПК` varchar(255) DEFAULT NULL,
  `РольПК` varchar(255) DEFAULT NULL,
  `СтруктурноеСвойствоПК` varchar(255) DEFAULT NULL,
  `ОбъемноеСвойствоПК` varchar(255) DEFAULT NULL,
  `ОсобаяРольПК` varchar(255) DEFAULT NULL
) ENGINE=InnoDB DEFAULT CHARSET=utf8;

--
-- Dumping data for table `tablef6c`
--

INSERT INTO `tablef6c` (`idtablef6с`, `Кодструктуры`, `КодПЗ1`, `СтруктурноеСвойствоПЗ1`, `КодПК`, `РольПК`, `СтруктурноеСвойствоПК`, `ОбъемноеСвойствоПК`, `ОсобаяРольПК`) VALUES
(1, 'Z8.11.5-c', 'Z8.11', '-', 'R3.1', 'А-у', 'Е', 'моно', '-'),
(2, 'Z8.11.5-c', 'Z8.11', '-', 'R1.2', 'А-у', 'К1', 'моно', '-'),
(3, 'Z8.11.5-c', 'Z8.11', '-', 'R4.2', 'А', 'К1', 'моно', '-'),
(4, 'Z8.11.5-c', 'Z8.11', '-', 'R6.1', 'А', 'К1', 'моно', '-'),
(5, 'Z8.11.5-c', 'Z8.11', '-', 'R6.5', 'Ф', 'К1', 'моно', '-'),
(6, 'Z8.11.5-c', 'Z8.11', '-', 'R1.3', 'А-у', 'К2', 'моно', '-'),
(7, 'Z8.11.5-c', 'Z8.11', '-', 'R8.1', 'А', 'К2', 'моно', '-'),
(8, 'Z82.5-c', 'Z82', '-', 'R3.1', 'А-у', 'Е', 'моно', NULL),
(9, 'Z82.5-c', 'Z82', '-', 'R1.2', 'А-у', 'К1', 'моно', NULL),
(10, 'Z82.5-c', 'Z82', '-', 'R6.2', 'Ф', 'К1', 'моно', NULL),
(11, 'Z82.5-c', 'Z82', '-', 'R1.3', 'А-у', 'К2', 'моно', NULL),
(12, 'Z82.5-c', 'Z82', '-', 'R7.1', 'А', 'К2', 'моно', NULL),
(13, 'Z82.5-c', 'Z82', '-', 'R7.2', 'А', 'К2', 'моно', NULL),
(14, 'Z82.5-c', 'Z82', '-', 'R7.3', 'А', 'К2', 'моно', NULL),
(15, 'Z82.5-c', 'Z82', '-', 'R7.4', 'А', 'К2', 'моно', NULL),
(16, 'Z7.12.5-c', 'Z7.12', '-', 'R3.1', 'А-у', 'Е', 'моно', NULL),
(17, 'Z7.12.5-c', 'Z7.12', '-', 'R1.3', 'А-у', 'К', 'моно', NULL),
(18, 'Z7.12.5-c', 'Z7.12', '-', 'R9.3', 'Ф', 'К', 'моно', NULL),
(19, 'Z7.11.5-c', 'Z7.11', '-', 'R3.1', 'А-у', 'Е', 'моно', NULL),
(20, 'Z7.11.5-c', 'Z7.11', '-', 'R1.2', 'А-у', 'К1', 'моно', NULL),
(21, 'Z7.11.5-c', 'Z7.11', '-', 'R5.10', 'А', 'К1', 'моно', NULL),
(22, 'Z7.11.5-c', 'Z7.11', '-', 'R3.10', 'Ф', 'К1', 'моно', NULL),
(23, 'Z7.11.5-c', 'Z7.11', '-', 'R1.3', 'А-у', 'К2', 'моно', NULL),
(24, 'Z7.11.5-c', 'Z7.11', '-', 'R3.13', 'А', 'К2', 'моно', NULL),
(25, 'Z71.5-c', 'Z71', '-', 'R3.1', 'А-у', 'Е', 'моно', NULL),
(26, 'Z71.5-c', 'Z71', '-', 'R1.2', 'А-у', 'К1', 'моно', NULL),
(27, 'Z71.5-c', 'Z71', '-', 'R4.1', 'А', 'К1', 'моно', NULL),
(28, 'Z71.5-c', 'Z71', '-', 'R1.3', 'А-у', 'К2', 'моно', NULL),
(29, 'Z71.5-c', 'Z71', '-', 'R7.1', 'А', 'К2', 'моно', NULL),
(30, 'Z71.5-c', 'Z71', '-', 'R7.2', 'А', 'К2', 'моно', NULL),
(31, 'Z71.5-c', 'Z71', '-', 'R7.3', 'А', 'К2', 'моно', NULL),
(32, 'Z71.5-c', 'Z71', '-', 'R7.4', 'А', 'К2', 'моно', NULL),
(33, 'Z71.5-c', 'Z71', '-', 'R9.1', 'Ф', 'К2', 'моно', NULL),
(34, 'Z53.5-c', 'Z53', '-', 'R3.1', 'А-у', 'Е', 'моно', NULL),
(35, 'Z53.5-c', 'Z53', '-', 'R1.2', 'А-у', 'К', 'моно', NULL),
(36, 'Z53.5-c', 'Z53', '-', 'R3.4', 'А', 'К', 'моно', NULL),
(37, 'Z53.5-c', 'Z53', '-', 'R7.5', 'А', 'К', 'моно', NULL),
(38, 'Z53.5-c', 'Z53', '-', 'R5.5', 'Ф', 'К', 'моно', NULL),
(39, 'Z51.5-c', 'Z51', '-', 'R3.1', 'А-у', 'Е', 'моно', NULL),
(40, 'Z51.5-c', 'Z51', '-', 'R1.2', 'А-у', 'К1', 'моно', NULL),
(41, 'Z51.5-c', 'Z51', '-', 'R3.9', 'А', 'К1', 'моно', NULL),
(42, 'Z51.5-c', 'Z51', '-', 'R5.3', 'Ф', 'К1', 'моно', NULL),
(43, 'Z51.5-c', 'Z51', '-', 'R7.6', 'А', 'К1', 'моно', NULL),
(44, 'Z51.5-c', 'Z51', '-', 'R1.3', 'А-у', 'К2', 'моно', NULL),
(45, 'Z51.5-c', 'Z51', '-', 'R5.9', 'А', 'К2', 'моно', NULL),
(46, 'Z51.5-c', 'Z51', '-', 'R7.1', 'А', 'К2', 'моно', NULL),
(47, 'Z41.5-c', 'Z41', '-', 'R3.1', 'А-у', 'Е', 'моно', NULL),
(48, 'Z41.5-c', 'Z41', '-', 'R1.2', 'А-у', 'К', 'моно', NULL),
(49, 'Z41.5-c', 'Z41', '-', 'R3.5', 'Ф', 'К', 'моно', NULL);

-- --------------------------------------------------------

--
-- Table structure for table `tablef6link`
--

CREATE TABLE `tablef6link` (
  `idtablef6` int(11) NOT NULL,
  `Кодструктуры` varchar(255) NOT NULL,
  `КодПЗ1` varchar(255) DEFAULT NULL,
  `СтруктурноеСвойствоПЗ1` varchar(255) DEFAULT NULL,
  `КодПК` varchar(255) DEFAULT NULL,
  `РольПК` varchar(255) DEFAULT NULL,
  `СтруктурноеСвойствоПК` varchar(255) DEFAULT NULL,
  `ОбъемноеСвойствоПК` varchar(255) DEFAULT NULL,
  `ОсобаяРольПК` varchar(255) DEFAULT NULL
) ENGINE=InnoDB DEFAULT CHARSET=utf8;

--
-- Dumping data for table `tablef6link`
--

INSERT INTO `tablef6link` (`idtablef6`, `Кодструктуры`, `КодПЗ1`, `СтруктурноеСвойствоПЗ1`, `КодПК`, `РольПК`, `СтруктурноеСвойствоПК`, `ОбъемноеСвойствоПК`, `ОсобаяРольПК`) VALUES
(1, '', 'Z11', '{', 'R3.2', '-', '-', '-', 'ФЦ'),
(2, '', 'Z21', '!', 'R3.1', '-', '-', '-', 'СЦ'),
(3, '', 'Z21', '[', 'R3.2', '-', '-', '-', 'ФП'),
(4, '', 'Z21', '$', 'R3.7', '-', '-', '-', 'ФИ'),
(5, '', 'Z31', '-', 'R3.1', 'А-у', 'Е', 'моно', '-'),
(6, '', 'Z31', '-', 'R1.2', 'Ф', 'Е', 'моно', '-'),
(7, '', 'Z32', '-', 'R3.1', 'А-у', 'Е', 'моно', '-'),
(8, '', 'Z32', '[', 'R3.7', '-', '-', '-', 'ФП'),
(9, '', 'Z41', '-', 'R3.1', 'А-у', 'Е', 'моно', '-'),
(10, '', 'Z41', '-', 'R1.2', 'А-у', 'К', 'моно', '-'),
(11, '', 'Z41', '-', 'R3.5', 'Ф', 'К', 'моно', '-'),
(12, '', 'Z42', '-', 'R3.1', 'А-у', 'Е', 'моно', '-'),
(13, '', 'Z42', '[', 'R5.1', '-', '-', '-', 'ФП'),
(14, '', 'Z51', '-', 'R3.1', 'А-у', 'Е', 'моно', '-'),
(15, '', 'Z51', '-', 'R1.2', 'А-у', 'К1', 'моно', '-'),
(16, '', 'Z51', '-', 'R3.9', 'А', 'К1', 'моно', '-'),
(17, '', 'Z51', '-', 'R5.3', 'Ф', 'К1', 'моно', '-'),
(18, '', 'Z51', '-', 'R7.6', 'А', 'К1', 'моно', '-'),
(19, '', 'Z51', '-', 'R1.3', 'А-у', 'К2', 'моно', '-'),
(20, '', 'Z51', '-', 'R5.9', 'А', 'К2', 'моно', '-'),
(21, '', 'Z51', '-', 'R7.1', 'А', 'К2', 'моно', '-'),
(22, '', 'Z52', '-', 'R3.1', 'А-у', 'Е', 'моно', '-'),
(23, '', 'Z52', '-', 'R1.2', 'А-у', 'К1', 'моно', '-'),
(24, '', 'Z52', '-', 'R3.5', 'А', 'К1', 'моно', '-'),
(25, '', 'Z52', '-', 'R5.2', 'Ф', 'К1', 'моно', '-'),
(26, '', 'Z52', '-', 'R1.3', 'А-у', 'К2', 'моно', '-'),
(27, '', 'Z52', '-', 'R5.9', 'А', 'К2', 'моно', '-'),
(28, '', 'Z53', '-', 'R3.1', 'А-у', 'Е', 'моно', '-'),
(29, '', 'Z53', '-', 'R1.2', 'А-у', 'К', 'моно', '-'),
(30, '', 'Z53', '-', 'R3.4', 'А', 'К', 'моно', '-'),
(31, '', 'Z53', '-', 'R7.5', 'А', 'К', 'моно', '-'),
(32, '', 'Z53', '-', 'R5.5', 'Ф', 'К', 'моно', '-'),
(33, '', 'Z54', '-', 'R3.1', 'А-у', 'Е', 'моно', '-'),
(34, '', 'Z54', '[', 'R5.1', '-', '-', '-', 'ФП'),
(35, '', 'Z54', ']', 'R5.1', '-', '-', '-', 'ФП'),
(36, '', 'Z61', '-', 'R3.1', 'А-у', 'Е', 'моно', '-'),
(37, '', 'Z61', '[', 'R9.2', '-', '-', '-', 'ФП'),
(38, '', 'Z71', '-', 'R3.1', 'А-у', 'Е', 'моно', '-'),
(39, '', 'Z71', '-', 'R1.2', 'А-у', 'К1', 'моно', '-'),
(40, '', 'Z71', '-', 'R4.1', 'А', 'К1', 'моно', '-'),
(41, '', 'Z71', '-', 'R1.3', 'К1', 'К2', 'моно', '-'),
(42, '', 'Z71', '-', 'R7.1', 'А', 'К2', 'моно', '-'),
(43, '', 'Z71', '-', 'R7.2', 'А', 'К2', 'моно', '-'),
(44, '', 'Z71', '-', 'R7.3', 'А', 'К2', 'моно', '-'),
(45, '', 'Z71', '-', 'R7.4', 'А', 'К2', 'моно', '-'),
(46, '', 'Z71', '-', 'R9.1', 'Ф', 'К2', 'моно', '-'),
(47, '', 'Z72', '-', 'R3.1', 'А-у', 'Е', 'моно', '-'),
(48, '', 'Z72', '[', 'R6.6', '-', '-', '-', 'ФП'),
(49, '', 'Z81', '-', 'R3.1', 'А-у', 'Е', 'моно', '-'),
(50, '', 'Z81', '-', 'R1.2', 'А-у', 'К1', 'моно', '-'),
(51, '', 'Z81', '-', 'R4.2', 'А', 'К1', 'моно', '-'),
(52, '', 'Z81', '-', 'R6.1', 'А', 'К1', 'моно', '-'),
(53, '', 'Z81', '-', 'R6.4', 'Ф', 'К1', 'моно', '-'),
(54, '', 'Z81', '-', 'R1.3', 'А-у', 'К2', 'моно', '-'),
(55, '', 'Z81', '-', 'R8.1', 'А', 'К2', 'моно', '-'),
(56, '', 'Z82', '-', 'R3.1', 'А-у', 'Е', 'моно', '-'),
(57, '', 'Z82', '-', 'R1.2', 'А-у', 'К1', 'моно', '-'),
(58, '', 'Z82', '-', 'R6.2', 'Ф', 'К1', 'моно', '-'),
(59, '', 'Z82', '-', 'R1.3', 'А-у', 'К2', 'моно', '-'),
(60, '', 'Z82', '-', 'R7.1', 'А', 'К2', 'моно', '-'),
(61, '', 'Z82', '-', 'R7.2', 'А', 'К2', 'моно', '-'),
(62, '', 'Z82', '-', 'R7.3', 'А', 'К2', 'моно', '-'),
(63, '', 'Z82', '-', 'R7.4', 'А', 'К2', 'моно', '-'),
(64, '', 'Z83', '-', 'R3.1', 'А-у', 'Е', 'моно', '-'),
(65, '', 'Z83', '-', 'R1.2', 'А-у', 'К', 'моно', '-'),
(66, '', 'Z83', '-', 'R6.2', 'А', 'К', 'моно', '-'),
(67, '', 'Z83', '-', 'R6.4', 'А', 'К', 'моно', '-'),
(68, '', 'Z83', ']', 'R6.6', 'Ф', 'К', 'моно', 'ФП'),
(69, '', 'Z73', '-', 'R3.1', 'А-у', 'Е', 'моно', '-'),
(70, '', 'Z73', '-', 'R1.2', 'А-у', 'К1', 'моно', '-'),
(71, '', 'Z73', '-', 'R6.6', 'А', 'К1', 'моно', '-'),
(72, '', 'Z73', '-', 'R9.1', 'А', 'К2', 'моно', '-'),
(73, '', 'Z73', ']', 'R9.2', 'Ф', 'К2', 'моно', 'ФП'),
(74, '', 'Z73', '-', 'R1.3', 'А-у', 'К2', 'моно', '-'),
(75, '', 'Z62', '-', 'R3.1', 'А-у', 'Е', 'моно', NULL),
(76, '', 'Z62', '?', 'R3.8', '-', '-', '-', 'АА'),
(77, '', 'Z62', ']', 'R5.1', '-', '-', '-', 'ФП'),
(78, '', 'Z62', '-', 'R5.1', '-', '-', '-', 'ФА'),
(79, '', 'Z74', '-', 'R3.1', 'А-у', 'Е', 'моно', '-'),
(80, '', 'Z74', '-', 'R1.2', 'А-у', 'К1', 'моно', '-'),
(81, '', 'Z74', '-', 'R3.5', 'А', 'К1', 'моно', '-'),
(82, '', 'Z74', '/', 'R3.8', 'А-у', 'К1', 'моно', '-'),
(83, '', 'Z74', '-', 'R5.1', 'Ф', 'К1', 'моно', '-'),
(84, '', 'Z74', '-', 'R5.2', 'А', 'К1', 'моно', '-'),
(85, '', 'Z74', '-', 'R5.3', 'А', 'К1', 'моно', '-'),
(86, '', 'Z74', '-', 'R5.5', 'А', 'К1', 'моно', '-'),
(87, '', 'Z74', '-', 'R1.3', 'А-у', 'К2', 'моно', '-'),
(88, '', 'Z74', '-', 'R9.2', 'А', 'К2', 'моно', '-'),
(89, '', 'Z74', '-', 'R9.5', 'А', 'К2', 'моно', '-'),
(90, '', 'Z75', '-', 'R3.1', 'А-у', 'Е', 'моно', '-'),
(91, '', 'Z75', '-', 'R1.2', 'А-у', 'К1', 'моно', '-'),
(92, '', 'Z75', '-', 'R3.5', 'А', 'К1', 'моно', '-'),
(93, '', 'Z75', '/', 'R3.8', 'А-у', 'К1', 'моно', 'АА'),
(94, '', 'Z75', '-', 'R5.1', 'Ф', 'К1', 'моно', '-'),
(95, '', 'Z75', '-', 'R5.2', 'А', 'К1', 'моно', '-'),
(96, '', 'Z75', '-', 'R5.3', 'А', 'К1', 'моно', '-'),
(97, '', 'Z75', '-', 'R5.5', 'А', 'К1', 'моно', '-'),
(98, '', 'Z75', '-', 'R1.3', 'А-у', 'К2', 'моно', '-'),
(99, '', 'Z75', '-', 'R9.2', 'А', 'К2', 'моно', '-'),
(100, '', 'Z75', '-', 'R9.5', 'А', 'К2', 'моно', '-'),
(101, '', 'Z43', '-', 'R3.1', 'А-у', 'Е', 'моно', '-'),
(102, '', 'Z43', '[', 'R3.15', '-', '-', '-', 'ФП'),
(103, '', 'Z55', '-', 'R3.1', 'А-у', 'Е', 'моно', '-'),
(104, '', 'Z55', '[', 'R3.6', '-', '-', '-', 'ФП'),
(105, '', 'Z63', '-', 'R3.1', 'А-у', 'Е', 'моно', '-'),
(106, '', 'Z63', '?', 'R3.4', '-', '-', '-', 'АА'),
(107, '', 'Z63', '#', 'R3.11', '-', '-', '-', 'ФА'),
(108, '', 'Z76', '-', 'R3.1', 'А-у', 'Е', 'моно', '-'),
(109, '', 'Z76', '-', 'R1.2', 'А-у', 'К', 'моно', '-'),
(110, '', 'Z76', '/', 'R3.4', 'А-у', 'К', 'моно', 'АА'),
(111, '', 'Z76', '-', 'R3.11', 'Ф', 'К', 'моно', '-'),
(112, '', 'Z77', '-', 'R3.1', 'А-у', 'Е', 'моно', '-'),
(113, '', 'Z77', '-', 'R1.2', 'А-у', 'К', 'моно', '-'),
(114, '', 'Z77', '/', 'R3.4', 'А-у', 'К', 'моно', 'АА'),
(115, '', 'Z77', '[', 'R3.11', '-', '-', '-', 'ФП'),
(116, '', 'Z84', '-', 'R3.1', 'А-у', 'Е', 'моно', '-'),
(117, '', 'Z84', '-', 'R1.2', 'А-у', 'К', 'моно', '-'),
(118, '', 'Z84', '-', 'R3.14', 'Ф', 'К', 'моно', '-'),
(119, '', 'Z85', '-', 'R3.1', 'А-у', 'Е', 'моно', '-'),
(120, '', 'Z85', '?', 'R3.14', '-', '-', '-', 'АА'),
(121, '', 'Z85', '#', 'R3.11', '-', '-', '-', 'ФА'),
(122, '', 'Z85', ']', 'R3.11', '-', '-', '-', 'ФП'),
(123, '', 'Z91', '-', 'R3.1', 'А-у', 'Е', 'моно', '-'),
(124, '', 'Z91', '-', 'R1.2', 'А-у', 'К', 'моно', '-'),
(125, '', 'Z91', '-', 'R3.11', 'Ф', 'К', 'моно', '-'),
(126, '', 'Z91', '/', 'R3.14', 'А-у', 'К', 'моно', 'АА'),
(127, '', 'Z92', '-', 'R3.1', 'А-у', 'Е', 'моно', '-'),
(128, '', 'Z92', '-', 'R1.2', 'А-у', 'К', 'моно', '-'),
(129, '', 'Z92', '-', 'R3.11', 'Ф', 'К', 'моно', '-'),
(130, '', 'Z92', '/', 'R3.14', 'А-у', 'К', 'моно', 'АА'),
(131, '', 'Z78', '-', 'R3.1', 'А-у', 'Е', 'моно', '-'),
(132, '', 'Z78', '-', 'R1.2', 'А-у', 'К', 'моно', '-'),
(133, '', 'Z78', '/', 'R3.4', 'А-у', 'К', 'моно', 'АА'),
(134, '', 'Z78', '-', 'R3.11', 'Ф', 'К', 'моно', '-'),
(135, '', 'Z64', '-', 'R3.1', 'А-у', 'Е', 'моно', '-'),
(136, '', 'Z64', '[', 'R3.10', '-', '-', '-', 'ФП'),
(137, '', 'Z79', '-', 'R3.1', 'А-у', 'Е', 'моно', '-'),
(138, '', 'Z79', '?', 'R3.5', '-', '-', '-', 'АА'),
(139, '', 'Z79', '#', 'R3.12', '-', '-', '-', 'ФА'),
(140, '', 'Z86', '-', 'R3.1', 'А-у', 'Е', 'моно', '-'),
(141, '', 'Z86', '-', 'R1.2', 'А-у', 'К1', 'моно', '-'),
(142, '', 'Z86', '/', 'R3.5', 'А-у', 'К1', 'моно', 'АА'),
(143, '', 'Z86', '-', 'R1.3', 'А-у', 'К2', 'моно', '-'),
(144, '', 'Z86', '-', 'R3.12', 'Ф', 'К2', 'моно', '-'),
(145, '', 'Z87', '-', 'R3.1', 'А-у', 'Е', 'моно', '-'),
(146, '', 'Z87', '-', 'R1.2', 'А-у', 'К1', 'моно', '-'),
(147, '', 'Z87', '/', 'R3.5', 'А-у', 'К1', 'моно', 'АА'),
(148, '', 'Z87', '-', 'R1.3', 'А-у', 'К2', 'моно', '-'),
(149, '', 'Z87', '-', 'R3.12', 'Ф', 'К2', 'моно', '-'),
(150, '', 'Z7.10', '-', 'R3.1', 'А-у', 'Е', 'моно', '-'),
(151, '', 'Z7.10', '?', 'R3.4', '-', '-', '-', 'АА'),
(152, '', 'Z7.10', '#', 'R3.13', '-', '-', '-', 'ФА'),
(153, '', 'Z88', '-', 'R3.1', 'А-у', 'Е', 'моно', '-'),
(154, '', 'Z88', '-', 'R1.2', 'А-у', 'К1', 'моно', '-'),
(155, '', 'Z88', '/', 'R3.4', 'А-у', 'К1', 'моно', 'АА'),
(156, '', 'Z88', '-', 'R1.3', 'А-у', 'К2', 'моно', '-'),
(157, '', 'Z88', '-', 'R3.12', 'А', 'К2', 'моно', '-'),
(158, '', 'Z88', '-', 'R3.13', 'Ф', 'К2', 'моно', '-'),
(159, '', 'Z88', '-', 'R5.8', 'А', 'К2', 'моно', '-'),
(160, '', 'Z89', '-', 'R3.1', 'А-у', 'Е', 'моно', '-'),
(161, '', 'Z89', '-', 'R1.2', 'А-у', 'К1', 'моно', '-'),
(162, '', 'Z89', '/', 'R3.4', 'А-у', 'К1', 'моно', 'АА'),
(163, '', 'Z89', '-', 'R1.3', 'А-у', 'К2', 'моно', '-'),
(164, '', 'Z89', '-', 'R3.12', 'А', 'К2', 'моно', '-'),
(165, '', 'Z89', '-', 'R3.13', 'Ф', 'К2', 'моно', '-'),
(166, '', 'Z89', '-', 'R5.8', 'А', 'К2', 'моно', '-'),
(167, '', 'Z7.11', '-', 'R3.1', 'А-у', 'Е', 'моно', '-'),
(168, '', 'Z7.11', '-', 'R1.2', 'А-у', 'К1', 'моно', '-'),
(169, '', 'Z7.11', '-', 'R5.10', 'А', 'К1', 'моно', '-'),
(170, '', 'Z7.11', ']', 'R3.10', 'Ф', 'К1', 'моно', 'ФП'),
(171, '', 'Z7.11', '-', 'R1.3', 'А-у', 'К2', 'моно', '-'),
(172, '', 'Z7.11', '-', 'R3.13', 'А', 'К2', 'моно', '-'),
(173, '', 'Z65', '-', 'R3.1', 'А-у', 'Е', 'моно', '-'),
(174, '', 'Z65', '[', 'R9.4', '-', '-', '-', 'ФП'),
(175, '', 'Z7.12', '-', 'R3.1', 'А-у', 'Е', 'моно', '-'),
(176, '', 'Z7.12', '-', 'R1.3', 'А-у', 'К', 'моно', '-'),
(177, '', 'Z7.12', '-', 'R9.3', 'Ф', 'К', 'моно', '-'),
(178, '', 'Z7.13', '-', 'R3.1', 'А-у', 'Е', 'моно', '-'),
(179, '', 'Z7.13', '[', 'R6.7', '-', '-', '-', 'ФП'),
(180, '', 'Z8.10', '-', 'R3.1', 'А-у', 'Е', 'моно', '-'),
(181, '', 'Z8.10', '?', 'R7.1', '-', '-', '-', 'АА'),
(182, '', 'Z8.10', '#', 'R6.8', '-', '-', '-', 'ФА'),
(183, '', 'Z93', '-', 'R3.1', 'А-у', 'Е', 'моно', '-'),
(184, '', 'Z93', '-', 'R1.2', 'А-у', 'К1', 'моно', '-'),
(185, '', 'Z93', '-', 'R1.3', 'А-у', 'К2', 'моно', '-'),
(186, '', 'Z93', '/', 'R7.1', 'А-у', 'К2', 'моно', 'АА'),
(187, '', 'Z93', '-', 'R6.8', 'Ф', 'К1', 'моно', '-'),
(188, '', 'Z94', '-', 'R3.1', 'А-у', 'Е', 'моно', '-'),
(189, '', 'Z94', '-', 'R1.2', 'А-у', 'К1', 'моно', '-'),
(190, '', 'Z94', '-', 'R1.3', 'А-у', 'К2', 'моно', '-'),
(191, '', 'Z94', '/', 'R7.1', 'А-у', 'К2', 'моно', 'АА'),
(192, '', 'Z94', '-', 'R6.8', 'Ф', 'К1', 'моно', '-'),
(193, '', 'Z8.11', '-', 'R3.1', 'А-у', 'Е', 'моно', '-'),
(194, '', 'Z8.11', '-', 'R1.2', 'А-у', 'К1', 'моно', '-'),
(195, '', 'Z8.11', '-', 'R4.2', 'А', 'К1', 'моно', '-'),
(196, '', 'Z8.11', '-', 'R6.1', 'А', 'К1', 'моно', '-'),
(197, '', 'Z8.11', '-', 'R6.5', 'Ф', 'К1', 'моно', '-'),
(198, '', 'Z8.11', '-', 'R1.3', 'А-у', 'К2', 'моно', '-'),
(199, '', 'Z8.11', '-', 'R8.1', 'А', 'К2', 'моно', '-'),
(200, '', 'Z8.12', '-', 'R3.1', 'А-у', 'Е', 'моно', '-'),
(201, '', 'Z8.12', '-', 'R1.2', 'А-у', 'К1', 'моно', '-'),
(202, '', 'Z8.12', '-', 'R6.3', 'Ф', 'К1', 'моно', '-'),
(203, '', 'Z8.12', '-', 'R1.3', 'А-у', 'К2', 'моно', '-'),
(204, '', 'Z8.12', '-', 'R7.1', 'А', 'К2', 'моно', '-'),
(205, '', 'Z8.12', '-', 'R7.2', 'А', 'К2', 'моно', '-'),
(206, '', 'Z8.12', '-', 'R7.3', 'А', 'К2', 'моно', '-'),
(207, '', 'Z8.12', '-', 'R7.4', 'А', 'К2', 'моно', '-'),
(208, '', 'Z8.13', '-', 'R3.1', 'А-у', 'Е', 'моно', '-'),
(209, '', 'Z8.13', '-', 'R1.2', 'А-у', 'К', 'моно', '-'),
(210, '', 'Z8.13', '-', 'R6.3', 'А', 'К', 'моно', '-'),
(211, '', 'Z8.13', '-', 'R6.8', 'А', 'К', 'моно', '-'),
(212, '', 'Z8.13', '-', 'R6.5', 'А', 'К', 'моно', '-'),
(213, '', 'Z8.13', ']', 'R6.7', 'Ф', 'К', 'моно', 'ФП'),
(214, '', 'Z7.14', '-', 'R3.1', 'А-у', 'Е', 'моно', '-'),
(215, '', 'Z7.14', '-', 'R1.2', 'А-у', 'К1', 'моно', '-'),
(216, '', 'Z7.14', '-', 'R6.7', 'А', 'К1', 'моно', '-'),
(217, '', 'Z7.14', '-', 'R1.3', 'А-у', 'К2', 'моно', '-'),
(218, '', 'Z7.14', '-', 'R9.3', 'А', 'К2', 'моно', '-'),
(219, '', 'Z7.14', ']', 'R9.4', 'Ф', 'К2', 'моно', 'ФП'),
(220, '', 'Z66', '-', 'R3.1', 'А-у', 'Е', 'моно', NULL),
(221, '', 'Z66', '#', 'R3.6', '-', '-', '-', 'ФА'),
(222, '', 'Z66', ']', 'R3.6', '-', '-', '-', 'ФП'),
(223, '', 'Z66', '?', 'R3.8', '-', '-', '-', 'АА'),
(224, '', 'Z7.15', '-', 'R3.1', 'А-у', 'Е', 'моно', '-'),
(225, '', 'Z7.15', '-', 'R1.2', 'А-у', 'К1', 'моно', '-'),
(226, '', 'Z7.15', '-', 'R3.5', 'А', 'К1', 'моно', '-'),
(227, '', 'Z7.15', '-', 'R3.6', 'Ф', 'К1', 'моно', '-'),
(228, '', 'Z7.15', '/', 'R3.8', 'А-у', 'К1', 'моно', 'АА'),
(229, '', 'Z7.15', '-', 'R3.10', 'А', 'К1', 'моно', '-'),
(230, '', 'Z7.15', '-', 'R5.1', 'А', 'К1', 'моно', '-'),
(231, '', 'Z7.15', '-', 'R3.11', 'А', 'К1', 'моно', '-'),
(232, '', 'Z7.15', '-', 'R1.3', 'А-у', 'К2', 'моно', '-'),
(233, '', 'Z7.15', '-', 'R5.7', 'А', 'К2', 'моно', '-'),
(234, '', 'Z7.15', '-', 'R9.4', 'А', 'К2', 'моно', '-'),
(235, '', 'Z7.15', '-', 'R9.4', 'А', 'К2', 'моно', '-'),
(236, '', 'Z7.16', '-', 'R3.1', 'А-у', 'Е', 'моно', '-'),
(237, '', 'Z7.16', '-', 'R1.2', 'А-у', 'К1', 'моно', '-'),
(238, '', 'Z7.16', '-', 'R3.5', 'А', 'К1', 'моно', '-'),
(239, '', 'Z7.16', '-', 'R3.6', 'Ф', 'К1', 'моно', '-'),
(240, '', 'Z7.16', '/', 'R3.8', 'А-у', 'К1', 'моно', 'АА'),
(241, '', 'Z7.16', '-', 'R3.10', 'А', 'К1', 'моно', '-'),
(242, '', 'Z7.16', '-', 'R5.1', 'А', 'К1', 'моно', '-'),
(243, '', 'Z7.16', '-', 'R3.11', 'А', 'К1', 'моно', '-'),
(244, '', 'Z7.16', '-', 'R1.3', 'А-у', 'К2', 'моно', '-'),
(245, '', 'Z7.16', '-', 'R5.7', 'А', 'К2', 'моно', '-'),
(246, '', 'Z7.16', '-', 'R9.4', 'А', 'К2', 'моно', '-'),
(247, '', 'Z7.16', '-', 'R9.5', 'А', 'К2', 'моно', '-'),
(248, '', 'Z56', '-', 'R3.1', 'А-у', 'Е', 'моно', '-'),
(249, '', 'Z56', '-', 'R1.3', 'А-у', 'К', 'моно', '-'),
(250, '', 'Z56', '-', 'R5.6', 'Ф', 'К', 'моно', '-'),
(251, '', 'Z57', '-', 'R3.1', 'А-у', 'Е', 'моно', '-'),
(252, '', 'Z57', '-', 'R1.3', 'А-у', 'К', 'моно', '-'),
(253, '', 'Z57', '-', 'R3.12', 'А', 'К', 'моно', '-'),
(254, '', 'Z57', '-', 'R4.3', 'А-у', 'К', 'моно', '-'),
(255, '', 'Z57', ']', 'R3.15', 'Ф', 'К', 'моно', 'ФП'),
(256, '', 'Z44', '-', 'R3.1', 'А-у', 'Е', 'моно', '-'),
(257, '', 'Z44', '-', 'R1.2', 'А-у', 'К', 'моно', '-'),
(258, '', 'Z44', '-', 'R3.6', 'А', 'К', 'моно', '-'),
(259, '', 'Z44', ']', 'R3.7', 'Ф', 'К', 'моно', 'ФП'),
(260, '', 'Z33', '?', 'R3.1', '-', '-', '-', 'АА'),
(261, '', 'Z33', '#', 'R3.2', '-', '-', '-', 'ФА'),
(262, '', 'Z33', ']', 'R3.2', '-', '-', '-', 'ФП'),
(263, '', 'Z45', '/', 'R3.1', 'А-у', 'Е', 'моно', 'АА'),
(264, '', 'Z45', '[', 'R3.2', '-', '-', '-', 'ФП'),
(265, '', 'Z59', '-', 'R3.1', 'А-у', 'Е', 'моно', '-'),
(266, '', 'Z59', '-', 'R3.1', 'Ф', 'Е', 'моно', '-'),
(267, '', 'Z5.10', '-', 'R3.1', 'А-у', 'К1', 'моно', '-'),
(268, '', 'Z5.10', ']', 'R3.2', 'Ф', 'К1', 'мульти', 'ФП'),
(269, '', 'Z5.10', '-', 'R1.2', 'А-у', 'К2', 'моно', '-'),
(270, '', 'Z5.10', '-', 'R3.7', 'А', 'К2', 'моно', '-'),
(271, '', 'Z46', '/', 'R3.1', 'А-у', 'К1', 'моно', 'АА'),
(272, '', 'Z46', '}', 'R3.2', 'Ф', 'К1', 'мульти', 'ФЦ'),
(273, '', 'Z46', '-', 'R1.2', 'А-у', 'К2', 'моно', '-'),
(274, '', 'Z46', '-', 'R3.7', 'А', 'К2', 'моно', '-');

-- --------------------------------------------------------

--
-- Table structure for table `users`
--

CREATE TABLE `users` (
  `id` bigint(20) UNSIGNED NOT NULL,
  `name` varchar(100) COLLATE utf8mb4_unicode_ci NOT NULL,
  `email` varchar(50) COLLATE utf8mb4_unicode_ci NOT NULL,
  `password` varchar(255) COLLATE utf8mb4_unicode_ci NOT NULL,
  `address` varchar(255) COLLATE utf8mb4_unicode_ci DEFAULT NULL,
  `role_id` int(11) DEFAULT NULL,
  `created_at` timestamp NULL DEFAULT NULL,
  `updated_at` timestamp NULL DEFAULT NULL
) ENGINE=InnoDB DEFAULT CHARSET=utf8mb4 COLLATE=utf8mb4_unicode_ci;

--
-- Dumping data for table `users`
--

INSERT INTO `users` (`id`, `name`, `email`, `password`, `address`, `role_id`, `created_at`, `updated_at`) VALUES
(1, 'admin', 'admin@gmail.com', '$2y$10$wd/lSgzZcya9BnbiLm0M8Owmzo.CEFCIElDE2fcahjPTYUAhKUjBi', NULL, 1, '2022-03-10 01:35:49', '2022-03-10 01:35:49');

--
-- Indexes for dumped tables
--

--
-- Indexes for table `codepz`
--
ALTER TABLE `codepz`
  ADD PRIMARY KEY (`id`);

--
-- Indexes for table `compositionkmst`
--
ALTER TABLE `compositionkmst`
  ADD PRIMARY KEY (`id`);

--
-- Indexes for table `customer`
--
ALTER TABLE `customer`
  ADD PRIMARY KEY (`idCustomer`);

--
-- Indexes for table `elementdstr`
--
ALTER TABLE `elementdstr`
  ADD PRIMARY KEY (`idelementdstr`);

--
-- Indexes for table `failed_jobs`
--
ALTER TABLE `failed_jobs`
  ADD PRIMARY KEY (`id`),
  ADD UNIQUE KEY `failed_jobs_uuid_unique` (`uuid`);

--
-- Indexes for table `identification`
--
ALTER TABLE `identification`
  ADD PRIMARY KEY (`ididentification`);

--
-- Indexes for table `kmtable`
--
ALTER TABLE `kmtable`
  ADD PRIMARY KEY (`idkmtable`,`КодКМ`),
  ADD KEY `КодСтатСтруктуры_idx` (`КодКМ`);

--
-- Indexes for table `linkingstructure`
--
ALTER TABLE `linkingstructure`
  ADD PRIMARY KEY (`idlinkingstructure`);

--
-- Indexes for table `migrations`
--
ALTER TABLE `migrations`
  ADD PRIMARY KEY (`id`);

--
-- Indexes for table `modelzadachi`
--
ALTER TABLE `modelzadachi`
  ADD PRIMARY KEY (`id`);

--
-- Indexes for table `password_resets`
--
ALTER TABLE `password_resets`
  ADD KEY `password_resets_email_index` (`email`);

--
-- Indexes for table `project_names`
--
ALTER TABLE `project_names`
  ADD PRIMARY KEY (`id`),
  ADD KEY `project_names_user_id_foreign` (`user_id`);

--
-- Indexes for table `sessions`
--
ALTER TABLE `sessions`
  ADD PRIMARY KEY (`id`),
  ADD KEY `sessions_user_id_index` (`user_id`),
  ADD KEY `sessions_last_activity_index` (`last_activity`);

--
-- Indexes for table `structure`
--
ALTER TABLE `structure`
  ADD PRIMARY KEY (`idstructure`);

--
-- Indexes for table `subjecttask`
--
ALTER TABLE `subjecttask`
  ADD PRIMARY KEY (`idsubjecttask`);

--
-- Indexes for table `tablef1`
--
ALTER TABLE `tablef1`
  ADD PRIMARY KEY (`idtablef1`);

--
-- Indexes for table `tablef1c`
--
ALTER TABLE `tablef1c`
  ADD PRIMARY KEY (`idtablef1c`);

--
-- Indexes for table `tablef1link`
--
ALTER TABLE `tablef1link`
  ADD PRIMARY KEY (`idtablef1`);

--
-- Indexes for table `tablef2`
--
ALTER TABLE `tablef2`
  ADD PRIMARY KEY (`idtablef2`);

--
-- Indexes for table `tablef2c`
--
ALTER TABLE `tablef2c`
  ADD PRIMARY KEY (`idtablef2c`);

--
-- Indexes for table `tablef2link`
--
ALTER TABLE `tablef2link`
  ADD PRIMARY KEY (`idtablef2`);

--
-- Indexes for table `tablef3`
--
ALTER TABLE `tablef3`
  ADD PRIMARY KEY (`idtablef3`);

--
-- Indexes for table `tablef3c`
--
ALTER TABLE `tablef3c`
  ADD PRIMARY KEY (`idtablef3c`);

--
-- Indexes for table `tablef3link`
--
ALTER TABLE `tablef3link`
  ADD PRIMARY KEY (`idtablef3`);

--
-- Indexes for table `tablef4`
--
ALTER TABLE `tablef4`
  ADD PRIMARY KEY (`idtablef4`);

--
-- Indexes for table `tablef4c`
--
ALTER TABLE `tablef4c`
  ADD PRIMARY KEY (`idtablef4`);

--
-- Indexes for table `tablef5`
--
ALTER TABLE `tablef5`
  ADD PRIMARY KEY (`id`);

--
-- Indexes for table `tablef6`
--
ALTER TABLE `tablef6`
  ADD PRIMARY KEY (`idtablef6`);

--
-- Indexes for table `tablef6c`
--
ALTER TABLE `tablef6c`
  ADD PRIMARY KEY (`idtablef6с`);

--
-- Indexes for table `tablef6link`
--
ALTER TABLE `tablef6link`
  ADD PRIMARY KEY (`idtablef6`);

--
-- Indexes for table `users`
--
ALTER TABLE `users`
  ADD PRIMARY KEY (`id`),
  ADD UNIQUE KEY `users_email_unique` (`email`);

--
-- AUTO_INCREMENT for dumped tables
--

--
-- AUTO_INCREMENT for table `codepz`
--
ALTER TABLE `codepz`
  MODIFY `id` int(11) NOT NULL AUTO_INCREMENT, AUTO_INCREMENT=24;

--
-- AUTO_INCREMENT for table `compositionkmst`
--
ALTER TABLE `compositionkmst`
  MODIFY `id` int(11) NOT NULL AUTO_INCREMENT, AUTO_INCREMENT=12;

--
-- AUTO_INCREMENT for table `failed_jobs`
--
ALTER TABLE `failed_jobs`
  MODIFY `id` bigint(20) UNSIGNED NOT NULL AUTO_INCREMENT;

--
-- AUTO_INCREMENT for table `kmtable`
--
ALTER TABLE `kmtable`
  MODIFY `idkmtable` int(11) NOT NULL AUTO_INCREMENT, AUTO_INCREMENT=10;

--
-- AUTO_INCREMENT for table `migrations`
--
ALTER TABLE `migrations`
  MODIFY `id` int(10) UNSIGNED NOT NULL AUTO_INCREMENT, AUTO_INCREMENT=26;

--
-- AUTO_INCREMENT for table `modelzadachi`
--
ALTER TABLE `modelzadachi`
  MODIFY `id` int(11) NOT NULL AUTO_INCREMENT, AUTO_INCREMENT=10;

--
-- AUTO_INCREMENT for table `project_names`
--
ALTER TABLE `project_names`
  MODIFY `id` bigint(20) UNSIGNED NOT NULL AUTO_INCREMENT, AUTO_INCREMENT=4;

--
-- AUTO_INCREMENT for table `structure`
--
ALTER TABLE `structure`
  MODIFY `idstructure` int(11) NOT NULL AUTO_INCREMENT, AUTO_INCREMENT=29;

--
-- AUTO_INCREMENT for table `subjecttask`
--
ALTER TABLE `subjecttask`
  MODIFY `idsubjecttask` int(11) NOT NULL AUTO_INCREMENT, AUTO_INCREMENT=4;

--
-- AUTO_INCREMENT for table `tablef1`
--
ALTER TABLE `tablef1`
  MODIFY `idtablef1` int(11) NOT NULL AUTO_INCREMENT, AUTO_INCREMENT=63;

--
-- AUTO_INCREMENT for table `tablef1c`
--
ALTER TABLE `tablef1c`
  MODIFY `idtablef1c` int(11) NOT NULL AUTO_INCREMENT, AUTO_INCREMENT=50;

--
-- AUTO_INCREMENT for table `tablef1link`
--
ALTER TABLE `tablef1link`
  MODIFY `idtablef1` int(11) NOT NULL AUTO_INCREMENT, AUTO_INCREMENT=61;

--
-- AUTO_INCREMENT for table `tablef2link`
--
ALTER TABLE `tablef2link`
  MODIFY `idtablef2` int(11) NOT NULL AUTO_INCREMENT, AUTO_INCREMENT=121;

--
-- AUTO_INCREMENT for table `tablef3`
--
ALTER TABLE `tablef3`
  MODIFY `idtablef3` int(11) NOT NULL AUTO_INCREMENT, AUTO_INCREMENT=60;

--
-- AUTO_INCREMENT for table `tablef3c`
--
ALTER TABLE `tablef3c`
  MODIFY `idtablef3c` int(11) NOT NULL AUTO_INCREMENT, AUTO_INCREMENT=9;

--
-- AUTO_INCREMENT for table `tablef3link`
--
ALTER TABLE `tablef3link`
  MODIFY `idtablef3` int(11) NOT NULL AUTO_INCREMENT, AUTO_INCREMENT=60;

--
-- AUTO_INCREMENT for table `tablef4c`
--
ALTER TABLE `tablef4c`
  MODIFY `idtablef4` int(11) NOT NULL AUTO_INCREMENT, AUTO_INCREMENT=4;

--
-- AUTO_INCREMENT for table `tablef5`
--
ALTER TABLE `tablef5`
  MODIFY `id` int(11) NOT NULL AUTO_INCREMENT, AUTO_INCREMENT=11;

--
-- AUTO_INCREMENT for table `tablef6`
--
ALTER TABLE `tablef6`
  MODIFY `idtablef6` int(11) NOT NULL AUTO_INCREMENT, AUTO_INCREMENT=277;

--
-- AUTO_INCREMENT for table `tablef6c`
--
ALTER TABLE `tablef6c`
  MODIFY `idtablef6с` int(11) NOT NULL AUTO_INCREMENT, AUTO_INCREMENT=50;

--
-- AUTO_INCREMENT for table `users`
--
ALTER TABLE `users`
  MODIFY `id` bigint(20) UNSIGNED NOT NULL AUTO_INCREMENT, AUTO_INCREMENT=7;

--
-- Constraints for dumped tables
--

--
-- Constraints for table `project_names`
--
ALTER TABLE `project_names`
  ADD CONSTRAINT `project_names_user_id_foreign` FOREIGN KEY (`user_id`) REFERENCES `users` (`id`);
COMMIT;

/*!40101 SET CHARACTER_SET_CLIENT=@OLD_CHARACTER_SET_CLIENT */;
/*!40101 SET CHARACTER_SET_RESULTS=@OLD_CHARACTER_SET_RESULTS */;
/*!40101 SET COLLATION_CONNECTION=@OLD_COLLATION_CONNECTION */;
